step,orbits,x,y,vx,vy,dE_rel,dL_rel,a_ratio
1,0.010000,9.812584611e-01,6.389005479e-02,-6.491315941e-02,1.014730858e+00,-8.189468748e-08,-1.110377872e-16,1.000000082e+00
2,0.020000,9.751427718e-01,1.275148403e-01,-1.295425516e-01,1.008408180e+00,-3.270760329e-07,-1.110377872e-16,1.000000327e+00
3,0.030000,9.649796639e-01,1.906103640e-01,-1.936060176e-01,9.979041712e-01,-7.340415269e-07,0.000000000e+00,1.000000734e+00
4,0.040000,9.508135221e-01,2.529151769e-01,-2.568245986e-01,9.832692581e-01,-1.300305691e-06,0.000000000e+00,1.000001300e+00
5,0.050000,9.327061330e-01,3.141716231e-01,-3.189240975e-01,9.645735265e-01,-2.022427722e-06,0.000000000e+00,1.000002022e+00
6,0.060000,9.107363380e-01,3.741270611e-01,-3.796365926e-01,9.419062212e-01,-2.896049420e-06,0.000000000e+00,1.000002896e+00
7,0.070000,8.849995918e-01,4.325350497e-01,-4.387018918e-01,9.153751123e-01,-3.915942612e-06,0.000000000e+00,1.000003916e+00
8,0.080000,8.556074324e-01,4.891564902e-01,-4.958689128e-01,8.851057384e-01,-5.076065160e-06,0.000000000e+00,1.000005076e+00
9,0.090000,8.226868665e-01,5.437607171e-01,-5.508969776e-01,8.512405366e-01,-6.369624452e-06,0.000000000e+00,1.000006370e+00
10,0.100000,7.863796765e-01,5.961265308e-01,-6.035570111e-01,8.139378690e-01,-7.789147190e-06,-2.220755744e-16,1.000007789e+00
11,0.110000,7.468416556e-01,6.460431663e-01,-6.536326351e-01,7.733709599e-01,-9.326554183e-06,-1.110377872e-16,1.000009327e+00
12,0.120000,7.042417771e-01,6.933111919e-01,-7.009211509e-01,7.297267550e-01,-1.097323883e-05,-1.110377872e-16,1.000010973e+00
13,0.130000,6.587613061e-01,7.377433348e-01,-7.452344037e-01,6.832047161e-01,-1.272014794e-05,-2.220755744e-16,1.000012720e+00
14,0.140000,6.105928600e-01,7.791652285e-01,-7.863995281e-01,6.340155651e-01,-1.455786361e-05,-2.220755744e-16,1.000014558e+00
15,0.150000,5.599394269e-01,8.174160804e-01,-8.242595693e-01,5.823799919e-01,-1.647668483e-05,-2.220755744e-16,1.000016477e+00
16,0.160000,5.070133477e-01,8.523492567e-01,-8.586739825e-01,5.285273371e-01,-1.846670775e-05,-2.220755744e-16,1.000018467e+00
17,0.170000,4.520352719e-01,8.838327844e-01,-8.895190112e-01,4.726942656e-01,-2.051790340e-05,-2.220755744e-16,1.000020518e+00
18,0.180000,3.952330921e-01,9.117497700e-01,-9.166879465e-01,4.151234403e-01,-2.262019201e-05,-2.220755744e-16,1.000022621e+00
19,0.190000,3.368408671e-01,9.359987344e-01,-9.400912729e-01,3.560622101e-01,-2.476351307e-05,-3.331133616e-16,1.000024764e+00
20,0.200000,2.770977386e-01,9.564938669e-01,-9.596567045e-01,2.957613203e-01,-2.693789044e-05,-2.220755744e-16,1.000026939e+00
21,0.210000,2.162468490e-01,9.731651981e-01,-9.753291194e-01,2.344736574e-01,-2.913349204e-05,-2.220755744e-16,1.000029134e+00
22,0.220000,1.545342668e-01,9.859586957e-01,-9.870703980e-01,1.724530337e-01,-3.134068364e-05,-2.220755744e-16,1.000031342e+00
23,0.230000,9.220792457e-02,9.948362854e-01,-9.948591741e-01,1.099530224e-01,-3.355007662e-05,-2.220755744e-16,1.000033551e+00
24,0.240000,2.951657585e-02,9.997758000e-01,-9.986905064e-01,4.722584538e-02,-3.575256946e-05,-2.220755744e-16,1.000035754e+00
25,0.250000,-3.329122576e-02,1.000770860e+00,-9.985754790e-01,-1.547867791e-02,-3.793938313e-05,-1.110377872e-16,1.000037941e+00
26,0.260000,-9.596811971e-02,9.978306920e-01,-9.945407389e-01,-7.791411982e-02,-4.010209032e-05,-1.110377872e-16,1.000040104e+00
27,0.270000,-1.582689009e-01,9.909798831e-01,-9.866279802e-01,-1.398383676e-01,-4.223263888e-05,0.000000000e+00,1.000042234e+00
28,0.280000,-2.199514483e-01,9.802580844e-01,-9.748933821e-01,-2.010144800e-01,-4.432336967e-05,1.110377872e-16,1.000044325e+00
29,0.290000,-2.807776164e-01,9.657196586e-01,-9.594070096e-01,-2.612114755e-01,-4.636702923e-05,2.220755744e-16,1.000046369e+00
30,0.300000,-3.405140888e-01,9.474332823e-01,-9.402521839e-01,-3.202050548e-01,-4.835677767e-05,2.220755744e-16,1.000048359e+00
31,0.310000,-3.989331906e-01,9.254815047e-01,-9.175248299e-01,-3.777782562e-01,-5.028619217e-05,2.220755744e-16,1.000050289e+00
32,0.320000,-4.558136594e-01,8.999602666e-01,-8.913328081e-01,-4.337220477e-01,-5.214926670e-05,3.331133616e-16,1.000052152e+00
33,0.330000,-5.109413746e-01,8.709783847e-01,-8.617952352e-01,-4.878358569e-01,-5.394040831e-05,3.331133616e-16,1.000053943e+00
34,0.340000,-5.641100426e-01,8.386570048e-01,-8.290418014e-01,-5.399280428e-01,-5.565443051e-05,3.331133616e-16,1.000055658e+00
35,0.350000,-6.151218399e-01,8.031290258e-01,-7.932120860e-01,-5.898163125e-01,-5.728654430e-05,2.220755744e-16,1.000057290e+00
36,0.360000,-6.637880131e-01,7.645385010e-01,-7.544548787e-01,-6.373280850e-01,-5.883234720e-05,2.220755744e-16,1.000058836e+00
37,0.370000,-7.099294361e-01,7.230400166e-01,-7.129275070e-01,-6.823008092e-01,-6.028781081e-05,3.331133616e-16,1.000060291e+00
38,0.380000,-7.533771259e-01,6.787980526e-01,-6.687951755e-01,-7.245822362e-01,-6.164926732e-05,2.220755744e-16,1.000061653e+00
39,0.390000,-7.939727165e-01,6.319863274e-01,-6.222303165e-01,-7.640306526e-01,-6.291339525e-05,3.331133616e-16,1.000062917e+00
40,0.400000,-8.315688935e-01,5.827871292e-01,-5.734119553e-01,-8.005150784e-01,-6.407720500e-05,4.441511488e-16,1.000064081e+00
41,0.410000,-8.660297880e-01,5.313906359e-01,-5.225250913e-01,-8.339154320e-01,-6.513802432e-05,4.441511488e-16,1.000065142e+00
42,0.420000,-8.972313330e-01,4.779942254e-01,-4.697600943e-01,-8.641226675e-01,-6.609348413e-05,2.220755744e-16,1.000066098e+00
43,0.430000,-9.250615824e-01,4.228017789e-01,-4.153121167e-01,-8.910388878e-01,-6.694150494e-05,2.220755744e-16,1.000066946e+00
44,0.440000,-9.494209928e-01,3.660229765e-01,-3.593805223e-01,-9.145774355e-01,-6.768028409e-05,3.331133616e-16,1.000067685e+00
45,0.450000,-9.702226708e-01,3.078725888e-01,-3.021683282e-01,-9.346629667e-01,-6.830828402e-05,4.441511488e-16,1.000068313e+00
46,0.460000,-9.873925848e-01,2.485697641e-01,-2.438816626e-01,-9.512315085e-01,-6.882422173e-05,3.331133616e-16,1.000068829e+00
47,0.470000,-1.000869744e+00,1.883373120e-01,-1.847292328e-01,-9.642305041e-01,-6.922705967e-05,2.220755744e-16,1.000069232e+00
48,0.480000,-1.010606345e+00,1.274009853e-01,-1.249218056e-01,-9.736188469e-01,-6.951599805e-05,1.110377872e-16,1.000069521e+00
49,0.490000,-1.016567881e+00,6.598875935e-02,-6.467169527e-02,-9.793669056e-01,-6.969046878e-05,0.000000000e+00,1.000069695e+00
50,0.500000,-1.018733230e+00,4.330110318e-03,-4.192259320e-03,-9.814565414e-01,-6.975013109e-05,-1.110377872e-16,1.000069755e+00
51,0.510000,-1.017094696e+00,-5.734470706e-02,5.630260195e-02,-9.798811190e-01,-6.969486884e-05,-2.220755744e-16,1.000069700e+00
52,0.520000,-1.011658036e+00,-1.188053827e-01,1.165989431e-01,-9.746455106e-01,-6.952478960e-05,-2.220755744e-16,1.000069530e+00
53,0.530000,-1.002442441e+00,-1.798222741e-01,1.764832715e-01,-9.657660954e-01,-6.924022550e-05,-3.331133616e-16,1.000069245e+00
54,0.540000,-9.894804942e-01,-2.401671295e-01,2.357430471e-01,-9.532707516e-01,-6.884173586e-05,-3.331133616e-16,1.000068846e+00
55,0.550000,-9.728180959e-01,-2.996138097e-01,2.941671871e-01,-9.371988427e-01,-6.833011148e-05,-3.331133616e-16,1.000068335e+00
56,0.560000,-9.525143552e-01,-3.579390095e-01,3.515465777e-01,-9.176011959e-01,-6.770638069e-05,-2.220755744e-16,1.000067711e+00
57,0.570000,-9.286414501e-01,-4.149229768e-01,4.076745935e-01,-8.945400717e-01,-6.697181692e-05,-2.220755744e-16,1.000066976e+00
58,0.580000,-9.012844549e-01,-4.703502302e-01,4.623476291e-01,-8.680891225e-01,-6.612794780e-05,-2.220755744e-16,1.000066132e+00
59,0.590000,-8.705411335e-01,-5.240102731e-01,5.153656415e-01,-8.383333385e-01,-6.517656564e-05,-4.441511488e-16,1.000065181e+00
60,0.600000,-8.365216984e-01,-5.756983045e-01,5.665327077e-01,-8.053689789e-01,-6.411973909e-05,-4.441511488e-16,1.000064124e+00
61,0.610000,-7.993485338e-01,-6.252159238e-01,6.156575964e-01,-7.693034845e-01,-6.295982590e-05,-4.441511488e-16,1.000062964e+00
62,0.620000,-7.591558831e-01,-6.723718315e-01,6.625543554e-01,-7.302553695e-01,-6.169948644e-05,-5.551889360e-16,1.000061703e+00
63,0.630000,-7.160894980e-01,-7.169825200e-01,7.070429156e-01,-6.883540889e-01,-6.034169792e-05,-5.551889360e-16,1.000060345e+00
64,0.640000,-6.703062499e-01,-7.588729574e-01,7.489497103e-01,-6.437398781e-01,-5.888976881e-05,-6.662267232e-16,1.000058893e+00
65,0.650000,-6.219737017e-01,-7.978772589e-01,7.881083112e-01,-5.965635609e-01,-5.734735341e-05,-6.662267232e-16,1.000057351e+00
66,0.660000,-5.712696387e-01,-8.338393454e-01,8.243600773e-01,-5.469863211e-01,-5.571846606e-05,-6.662267232e-16,1.000055722e+00
67,0.670000,-5.183815591e-01,-8.666135872e-01,8.575548183e-01,-4.951794358e-01,-5.400749468e-05,-6.662267232e-16,1.000054010e+00
68,0.680000,-4.635061220e-01,-8.960654285e-01,8.875514675e-01,-4.413239642e-01,-5.221921325e-05,-6.662267232e-16,1.000052222e+00
69,0.690000,-4.068485523e-01,-9.220719922e-01,9.142187638e-01,-3.856103888e-01,-5.035879286e-05,-6.662267232e-16,1.000050361e+00
70,0.700000,-3.486220039e-01,-9.445226591e-01,9.374359374e-01,-3.282382055e-01,-4.843181075e-05,-6.662267232e-16,1.000048434e+00
71,0.710000,-2.890468782e-01,-9.633196215e-01,9.570933961e-01,-2.694154583e-01,-4.644425707e-05,-5.551889360e-16,1.000046446e+00
72,0.720000,-2.283501006e-01,-9.783784041e-01,9.730934081e-01,-2.093582158e-01,-4.440253862e-05,-5.551889360e-16,1.000044405e+00
73,0.730000,-1.667643541e-01,-9.896283509e-01,9.853507741e-01,-1.482899857e-01,-4.231347937e-05,-5.551889360e-16,1.000042315e+00
74,0.740000,-1.045272705e-01,-9.970130733e-01,9.937934850e-01,-8.644106546e-02,-4.018431707e-05,-5.551889360e-16,1.000040186e+00
75,0.750000,-4.188058164e-02,-1.000490856e+00,9.983633561e-01,-2.404782734e-02,-3.802269551e-05,-4.441511488e-16,1.000038024e+00
76,0.760000,2.093076891e-02,-1.000035012e+00,9.990166336e-01,3.864806454e-02,-3.583665210e-05,-4.441511488e-16,1.000035838e+00
77,0.770000,8.365955104e-02,-9.956341965e-01,9.957245624e-01,1.014005042e-01,-3.363460016e-05,-4.441511488e-16,1.000033636e+00
78,0.780000,1.460572077e-01,-9.872926492e-01,9.884739105e-01,1.639598613e-01,-3.142530577e-05,-4.441511488e-16,1.000031426e+00
79,0.790000,2.078748461e-01,-9.750303926e-01,9.772674388e-01,2.260739651e-01,-2.921785870e-05,-4.441511488e-16,1.000029219e+00
80,0.800000,2.688642560e-01,-9.588833569e-01,9.621243105e-01,2.874891509e-01,-2.702163732e-05,-5.551889360e-16,1.000027022e+00
81,0.810000,3.287789527e-01,-9.389034405e-01,9.430804287e-01,3.479513673e-01,-2.484626727e-05,-5.551889360e-16,1.000024847e+00
82,0.820000,3.873752378e-01,-9.151584985e-01,9.201886962e-01,4.072073388e-01,-2.270157403e-05,-5.551889360e-16,1.000022702e+00
83,0.830000,4.444132746e-01,-8.877322571e-01,8.935191877e-01,4.650057769e-01,-2.059752927e-05,-4.441511488e-16,1.000020598e+00
84,0.840000,4.996581705e-01,-8.567241492e-01,8.631592274e-01,5.210986348e-01,-1.854419144e-05,-6.662267232e-16,1.000018545e+00
85,0.850000,5.528810621e-01,-8.222490714e-01,8.292133645e-01,5.752423951e-01,-1.655164083e-05,-6.662267232e-16,1.000016552e+00
86,0.860000,6.038601950e-01,-7.844370579e-01,7.918032398e-01,6.271993824e-01,-1.462990970e-05,-6.662267232e-16,1.000014630e+00
87,0.870000,6.523819918e-01,-7.434328725e-01,7.510673392e-01,6.767390907e-01,-1.278890811e-05,-6.662267232e-16,1.000012789e+00
88,0.880000,6.982421004e-01,-6.993955157e-01,7.071606281e-01,7.236395124e-01,-1.103834630e-05,-6.662267232e-16,1.000011038e+00
89,0.890000,7.412464171e-01,-6.524976495e-01,6.602540652e-01,7.676884590e-01,-9.387654502e-06,-6.662267232e-16,1.000009388e+00
90,0.900000,7.812120733e-01,-6.029249388e-01,6.105339930e-01,8.086848584e-01,-7.845901393e-06,-7.772645104e-16,1.000007846e+00
91,0.910000,8.179683814e-01,-5.508753130e-01,5.582014063e-01,8.464400172e-01,-6.421712169e-06,-8.883022977e-16,1.000006422e+00
92,0.920000,8.513577308e-01,-4.965581492e-01,5.034710982e-01,8.807788330e-01,-5.123187683e-06,-8.883022977e-16,1.000005123e+00
93,0.930000,8.812364256e-01,-4.401933806e-01,4.465706903e-01,9.115409442e-01,-3.957825839e-06,-8.883022977e-16,1.000003958e+00
94,0.940000,9.074754588e-01,-3.820105358e-01,3.877395488e-01,9.385818032e-01,-2.932446636e-06,-8.883022977e-16,1.000002932e+00
95,0.950000,9.299612143e-01,-3.222477127e-01,3.272275959e-01,9.617736603e-01,-2.053122161e-06,-7.772645104e-16,1.000002053e+00
96,0.960000,9.485960912e-01,-2.611504932e-01,2.652940244e-01,9.810064458e-01,-1.325112840e-06,-8.883022977e-16,1.000001325e+00
97,0.970000,9.632990446e-01,-1.989708070e-01,2.022059249e-01,9.961885404e-01,-7.528111177e-07,-8.883022977e-16,1.000000753e+00
98,0.980000,9.740060371e-01,-1.359657492e-01,1.382368389e-01,1.007247422e+00,-3.396936867e-07,-9.993400849e-16,1.000000340e+00
99,0.990000,9.806703981e-01,-7.239636291e-02,7.366524941e-02,1.014130182e+00,-8.828318565e-08,-1.221415659e-15,1.000000088e+00
100,1.000000,9.832630854e-01,-8.526392053e-03,8.773024126e-03,1.016803903e+00,-1.201438948e-10,-1.221415659e-15,1.000000000e+00
101,1.010000,9.817728488e-01,5.537898398e-02,-5.615617485e-02,1.015255896e+00,-7.574573946e-08,-1.221415659e-15,1.000000076e+00
102,1.020000,9.762062923e-01,1.190544265e-01,-1.208384981e-01,1.009493787e+00,-3.146957241e-07,-1.221415659e-15,1.000000315e+00
103,1.030000,9.665878353e-01,1.822357146e-01,-1.849915177e-01,9.995454614e-01,-7.155056345e-07,-1.110377872e-15,1.000000716e+00
104,1.040000,9.529595726e-01,2.446610137e-01,-2.483358219e-01,9.854588572e-01,-1.275727189e-06,-1.221415659e-15,1.000001276e+00
105,1.050000,9.353810356e-01,3.060721269e-01,-3.105965793e-01,9.673016185e-01,-1.991955534e-06,-1.110377872e-15,1.000001992e+00
106,1.060000,9.139288553e-01,3.662157200e-01,-3.715050589e-01,9.451606081e-01,-2.859866783e-06,-9.993400849e-16,1.000002860e+00
107,1.070000,8.886963330e-01,4.248445118e-01,-4.308000897e-01,9.191412872e-01,-3.874265096e-06,-1.110377872e-15,1.000003874e+00
108,1.080000,8.597929195e-01,4.817184206e-01,-4.882294491e-01,8.893669729e-01,-5.029138380e-06,-9.993400849e-16,1.000005029e+00
109,1.090000,8.273436110e-01,5.366056617e-01,-5.435511660e-01,8.559779791e-01,-6.317721510e-06,-9.993400849e-16,1.000006318e+00
110,1.100000,7.914882655e-01,5.892837859e-01,-5.965347291e-01,8.191306555e-01,-7.732565906e-06,-9.993400849e-16,1.000007733e+00
111,1.110000,7.523808461e-01,6.395406557e-01,-6.469621922e-01,7.789963337e-01,-9.265614153e-06,-8.883022977e-16,1.000009266e+00
112,1.120000,7.101885987e-01,6.871753522e-01,-6.946291672e-01,7.357601961e-01,-1.090827837e-05,-8.883022977e-16,1.000010908e+00
113,1.130000,6.650911705e-01,7.319990088e-01,-7.393457017e-01,6.896200774e-01,-1.265152095e-05,-8.883022977e-16,1.000012652e+00
114,1.140000,6.172796777e-01,7.738355670e-01,-7.809370357e-01,6.407852159e-01,-1.448593646e-05,-8.883022977e-16,1.000014486e+00
115,1.150000,5.669557284e-01,8.125224538e-01,-8.192442360e-01,5.894749654e-01,-1.640183325e-05,-8.883022977e-16,1.000016402e+00
116,1.160000,5.143304107e-01,8.479111758e-01,-8.541247088e-01,5.359174829e-01,-1.838931377e-05,-8.883022977e-16,1.000018390e+00
117,1.170000,4.596232519e-01,8.798678309e-01,-8.854525902e-01,4.803484036e-01,-2.043835245e-05,-8.883022977e-16,1.000020439e+00
118,1.180000,4.030611566e-01,9.082735365e-01,-9.131190186e-01,4.230095167e-01,-2.253887015e-05,-6.662267232e-16,1.000022539e+00
119,1.190000,3.448773319e-01,9.330247745e-01,-9.370322922e-01,3.641474534e-01,-2.468080438e-05,-7.772645104e-16,1.000024681e+00
120,1.200000,2.853102060e-01,9.540336550e-01,-9.571179181e-01,3.040123968e-01,-2.685417466e-05,-6.662267232e-16,1.000026855e+00
121,1.210000,2.246023471e-01,9.712280990e-01,-9.733185577e-01,2.428568241e-01,-2.904914234e-05,-6.662267232e-16,1.000029050e+00
122,1.220000,1.629993888e-01,9.845519436e-01,-9.855938764e-01,1.809342898e-01,-3.125606470e-05,-6.662267232e-16,1.000031257e+00
123,1.230000,1.007489678e-01,9.939649724e-01,-9.939203047e-01,1.184982561e-01,-3.346554292e-05,-7.772645104e-16,1.000033467e+00
124,1.240000,3.809967969e-02,9.994428737e-01,-9.982907200e-01,5.580097714e-02,-3.566846380e-05,-6.662267232e-16,1.000035670e+00
125,1.250000,-2.469994383e-02,1.000977130e+00,-9.987140555e-01,-6.907556968e-03,-3.785603536e-05,-7.772645104e-16,1.000037857e+00
126,1.260000,-8.740242990e-02,9.985748444e-01,-9.952148469e-01,-6.938061491e-02,-4.001981637e-05,-6.662267232e-16,1.000040021e+00
127,1.270000,-1.497623299e-01,9.922585048e-01,-9.878327237e-01,-1.313756529e-01,-4.215173995e-05,-6.662267232e-16,1.000042154e+00
128,1.280000,-2.115371510e-01,9.820656930e-01,-9.766218541e-01,-1.926551773e-01,-4.424413165e-05,-6.662267232e-16,1.000044246e+00
129,1.290000,-2.724882516e-01,9.680487413e-01,-9.616503523e-01,-2.529875392e-01,-4.628972229e-05,-7.772645104e-16,1.000046292e+00
130,1.300000,-3.323816983e-01,9.502743412e-01,-9.429996539e-01,-3.121476633e-01,-4.828165606e-05,-8.883022977e-16,1.000048284e+00
131,1.310000,-3.909890830e-01,9.288231090e-01,-9.207638687e-01,-3.699177097e-01,-5.021349415e-05,-8.883022977e-16,1.000050216e+00
132,1.320000,-4.480882985e-01,9.037891109e-01,-8.950491164e-01,-4.260876725e-01,-5.207921462e-05,-9.993400849e-16,1.000052082e+00
133,1.330000,-5.034642721e-01,8.752793530e-01,-8.659728513e-01,-4.804559165e-01,-5.387320880e-05,-8.883022977e-16,1.000053876e+00
134,1.340000,-5.569096564e-01,8.434132397e-01,-8.336631818e-01,-5.328296553e-01,-5.559027480e-05,-1.110377872e-15,1.000055593e+00
135,1.350000,-6.082254772e-01,8.083220037e-01,-7.982581895e-01,-5.830253735e-01,-5.722560857e-05,-1.221415659e-15,1.000057229e+00
136,1.360000,-6.572217390e-01,7.701481105e-01,-7.599052517e-01,-6.308691982e-01,-5.877479307e-05,-1.110377872e-15,1.000058778e+00
137,1.370000,-7.037179875e-01,7.290446422e-01,-7.187603712e-01,-6.761972212e-01,-6.023378582e-05,-1.110377872e-15,1.000060237e+00
138,1.380000,-7.475438310e-01,6.851746616e-01,-6.749875161e-01,-7.188557781e-01,-6.159890543e-05,-1.110377872e-15,1.000061603e+00
139,1.390000,-7.885394203e-01,6.387105609e-01,-6.287579718e-01,-7.587016869e-01,-6.286681746e-05,-1.221415659e-15,1.000062871e+00
140,1.400000,-8.265558881e-01,5.898333958e-01,-5.802497074e-01,-7.956024504e-01,-6.403451985e-05,-1.221415659e-15,1.000064039e+00
141,1.410000,-8.614557491e-01,5.387322084e-01,-5.296467560e-01,-8.294364272e-01,-6.509932847e-05,-1.110377872e-15,1.000065104e+00
142,1.420000,-8.931132624e-01,4.856033403e-01,-4.771386125e-01,-8.600929732e-01,-6.605886287e-05,-1.221415659e-15,1.000066063e+00
143,1.430000,-9.214147555e-01,4.306497377e-01,-4.229196453e-01,-8.874725590e-01,-6.691103274e-05,-1.221415659e-15,1.000066916e+00
144,1.440000,-9.462589124e-01,3.740802495e-01,-3.671885249e-01,-9.114868658e-01,-6.765402502e-05,-1.221415659e-15,1.000067659e+00
145,1.450000,-9.675570263e-01,3.161089201e-01,-3.101476666e-01,-9.320588624e-01,-6.828629220e-05,-1.332453446e-15,1.000068291e+00
146,1.460000,-9.852332176e-01,2.569542785e-01,-2.520026870e-01,-9.491228675e-01,-6.880654173e-05,-1.221415659e-15,1.000068811e+00
147,1.470000,-9.992246180e-01,1.968386230e-01,-1.929618729e-01,-9.626245978e-01,-6.921372679e-05,-1.110377872e-15,1.000069219e+00
148,1.480000,-1.009481522e+00,1.359873039e-01,-1.332356607e-01,-9.725212061e-01,-6.950703861e-05,-1.332453446e-15,1.000069512e+00
149,1.490000,-1.015967505e+00,7.462800391e-02,-7.303612489e-02,-9.787813097e-01,-6.968590034e-05,-1.332453446e-15,1.000069691e+00
150,1.500000,-1.018659512e+00,1.299001701e-02,-1.257647336e-02,-9.813850114e-01,-6.974996255e-05,-1.443491234e-15,1.000069755e+00
151,1.510000,-1.017547911e+00,-4.869647377e-02,4.792945306e-02,-9.803239130e-01,-6.969910052e-05,-1.443491234e-15,1.000069704e+00
152,1.520000,-1.012636519e+00,-1.102011191e-01,1.082676782e-01,-9.756011237e-01,-6.953341325e-05,-1.665566808e-15,1.000069538e+00
153,1.530000,-1.003942593e+00,-1.712941267e-01,1.682245884e-01,-9.672312617e-01,-6.925322426e-05,-1.887642383e-15,1.000069258e+00
154,1.540000,-9.914967939e-01,-2.317469842e-01,2.275874324e-01,-9.552404506e-01,-6.885908406e-05,-1.887642383e-15,1.000068864e+00
155,1.550000,-9.753431132e-01,-2.913331820e-01,2.861448257e-01,-9.396663085e-01,-6.835177452e-05,-1.887642383e-15,1.000068356e+00
156,1.560000,-9.555387746e-01,-3.498289350e-01,3.436872620e-01,-9.205579300e-01,-6.773231474e-05,-1.776604595e-15,1.000067737e+00
157,1.570000,-9.321540981e-01,-4.070139032e-01,4.000076328e-01,-8.979758594e-01,-6.700196859e-05,-1.776604595e-15,1.000067006e+00
158,1.580000,-9.052723330e-01,-4.626719096e-01,4.549017583e-01,-8.719920529e-01,-6.616225379e-05,-1.776604595e-15,1.000066167e+00
159,1.590000,-8.749894572e-01,-5.165916563e-01,5.081689302e-01,-8.426898289e-01,-6.521495231e-05,-1.776604595e-15,1.000065219e+00
160,1.600000,-8.414139419e-01,-5.685674366e-01,5.596124687e-01,-8.101638023e-01,-6.416212198e-05,-1.776604595e-15,1.000064166e+00
161,1.610000,-8.046664804e-01,-6.183998423e-01,6.090402941e-01,-7.745198025e-01,-6.300610925e-05,-1.776604595e-15,1.000063010e+00
162,1.620000,-7.648796813e-01,-6.658964654e-01,6.562655147e-01,-7.358747688e-01,-6.174956263e-05,-1.776604595e-15,1.000061753e+00
163,1.630000,-7.221977236e-01,-7.108725930e-01,7.011070306e-01,-6.943566229e-01,-6.039544694e-05,-1.887642383e-15,1.000060399e+00
164,1.640000,-6.767759734e-01,-7.531518921e-01,7.433901537e-01,-6.501041138e-01,-5.894705769e-05,-1.887642383e-15,1.000058951e+00
165,1.650000,-6.287805618e-01,-7.925670853e-01,7.829472435e-01,-6.032666301e-01,-5.740803568e-05,-1.887642383e-15,1.000057411e+00
166,1.660000,-5.783879211e-01,-8.289606126e-01,8.196183580e-01,-5.540039781e-01,-5.578238121e-05,-1.887642383e-15,1.000055785e+00
167,1.670000,-5.257842813e-01,-8.621852784e-01,8.532519172e-01,-5.024861200e-01,-5.407446764e-05,-1.998680170e-15,1.000054077e+00
168,1.680000,-4.711651229e-01,-8.921048807e-01,8.837053786e-01,-4.488928691e-01,-5.228905397e-05,-1.887642383e-15,1.000052292e+00
169,1.690000,-4.147345883e-01,-9.185948200e-01,9.108459202e-01,-3.934135368e-01,-5.043129589e-05,-1.776604595e-15,1.000050434e+00
170,1.700000,-3.567048489e-01,-9.415426838e-01,9.345511288e-01,-3.362465291e-01,-4.850675497e-05,-1.665566808e-15,1.000048509e+00
171,1.710000,-2.972954298e-01,-9.608488050e-01,9.547096898e-01,-2.775988879e-01,-4.652140543e-05,-1.776604595e-15,1.000046524e+00
172,1.720000,-2.367324910e-01,-9.764267889e-01,9.712220728e-01,-2.176857737e-01,-4.448163810e-05,-1.776604595e-15,1.000044484e+00
173,1.730000,-1.752480647e-01,-9.882040061e-01,9.840012082e-01,-1.567298869e-01,-4.239426101e-05,-1.776604595e-15,1.000042396e+00
174,1.740000,-1.130792523e-01,-9.961220473e-01,9.929731490e-01,-9.496082515e-02,-4.026649617e-05,-1.776604595e-15,1.000040268e+00
175,1.750000,-5.046737868e-02,-1.000137135e+00,9.980777116e-01,-3.261437433e-02,-3.810597203e-05,-1.665566808e-15,1.000038107e+00
176,1.760000,1.234289197e-02,-1.000220490e+00,9.992690866e-01,3.006826730e-02,-3.592071121e-05,-1.665566808e-15,1.000035922e+00
177,1.770000,7.510447817e-02,-9.963586454e-01,9.965164150e-01,9.284133346e-02,-3.371911303e-05,-1.554529021e-15,1.000033720e+00
178,1.780000,1.375688379e-01,-9.885537044e-01,9.898043191e-01,1.554554015e-01,-3.150993057e-05,-1.554529021e-15,1.000031511e+00
179,1.790000,1.994869573e-01,-9.768235435e-01,9.791333814e-01,2.176583704e-01,-2.930224180e-05,-1.443491234e-15,1.000029303e+00
180,1.800000,2.606103674e-01,-9.612019470e-01,9.645205620e-01,2.791965031e-01,-2.710541474e-05,-1.554529021e-15,1.000027106e+00
181,1.810000,3.206921857e-01,-9.417386762e-01,9.459995464e-01,3.398155288e-01,-2.492906644e-05,-1.554529021e-15,1.000024930e+00
182,1.820000,3.794881764e-01,-9.184994682e-01,9.236210160e-01,3.992618022e-01,-2.278301564e-05,-1.443491234e-15,1.000022784e+00
183,1.830000,4.367578257e-01,-8.915659584e-01,8.974528305e-01,4.572835117e-01,-2.067722949e-05,-1.443491234e-15,1.000020678e+00
184,1.840000,4.922654252e-01,-8.610355274e-01,8.675801175e-01,5.136319317e-01,-1.862176427e-05,-1.554529021e-15,1.000018622e+00
185,1.850000,5.457811586e-01,-8.270210663e-01,8.341052598e-01,5.680627097e-01,-1.662670069e-05,-1.554529021e-15,1.000016627e+00
186,1.860000,5.970821835e-01,-7.896506619e-01,7.971477746e-01,6.203371791e-01,-1.470207419e-05,-1.554529021e-15,1.000014702e+00
187,1.870000,6.459537023e-01,-7.490671973e-01,7.568440793e-01,6.702236870e-01,-1.285780093e-05,-1.443491234e-15,1.000012858e+00
188,1.880000,6.921900155e-01,-7.054278695e-01,7.133471389e-01,7.174989263e-01,-1.110360025e-05,-1.332453446e-15,1.000011104e+00
189,1.890000,7.355955476e-01,-6.589036231e-01,6.668259929e-01,7.619492592e-01,-9.448914617e-06,-1.332453446e-15,1.000009449e+00
190,1.900000,7.759858411e-01,-6.096785017e-01,6.174651582e-01,8.033720202e-01,-7.902828047e-06,-1.332453446e-15,1.000007903e+00
191,1.910000,8.131885078e-01,-5.579489176e-01,5.654639099e-01,8.415767836e-01,-6.473984226e-06,-1.332453446e-15,1.000006474e+00
192,1.920000,8.470441317e-01,-5.039228440e-01,5.110354403e-01,8.763865837e-01,-5.170505551e-06,-1.332453446e-15,1.000005171e+00
193,1.930000,8.774071152e-01,-4.478189315e-01,4.544058996e-01,9.076390732e-01,-3.999914421e-06,-1.332453446e-15,1.000004000e+00
194,1.940000,9.041464611e-01,-3.898655543e-01,3.958133237e-01,9.351876060e-01,-2.969058117e-06,-1.332453446e-15,1.000002969e+00
195,1.950000,9.271464844e-01,-3.302997910e-01,3.355064551e-01,9.589022320e-01,-2.084038586e-06,-1.443491234e-15,1.000002084e+00
196,1.960000,9.463074457e-01,-2.693663460e-01,2.737434667e-01,9.786705918e-01,-1.350148422e-06,-1.332453446e-15,1.000001350e+00
197,1.970000,9.615461029e-01,-2.073164173e-01,2.107905969e-01,9.943986991e-01,-7.718142436e-07,-1.332453446e-15,1.000000772e+00
198,1.980000,9.727961733e-01,-1.444065200e-01,1.469207098e-01,1.006011602e+00,-3.525485788e-07,-1.221415659e-15,1.000000353e+00
199,1.990000,9.800087038e-01,-8.089727098e-02,8.241179036e-02,1.013453914e+00,-9.491118358e-08,-1.110377872e-15,1.000000095e+00
200,2.000000,9.831523443e-01,-1.705214523e-02,1.754539213e-02,1.016690205e+00,-4.805822407e-10,-1.110377872e-15,1.000000000e+00
201,2.010000,9.822135228e-01,4.686378820e-02,-4.739495059e-02,1.015705257e+00,-6.983640533e-08,-9.993400849e-16,1.000000070e+00
202,2.020000,9.771965192e-01,1.105851417e-01,-1.121253290e-01,1.010504162e+00,-3.025528801e-07,-7.772645104e-16,1.000000303e+00
203,2.030000,9.681234384e-01,1.738474863e-01,-1.763630690e-01,1.001112286e+00,-6.972036122e-07,-8.883022977e-16,1.000000697e+00
204,2.040000,9.550340823e-01,2.363886219e-01,-2.398283280e-01,9.875750769e-01,-1.251377561e-06,-6.662267232e-16,1.000001251e+00
205,2.050000,9.379857219e-01,2.979498306e-01,-3.022456628e-01,9.699577297e-01,-1.961705873e-06,-8.883022977e-16,1.000001962e+00
206,2.060000,9.170527722e-01,3.582771050e-01,-3.633455539e-01,9.483447174e-01,-2.823899046e-06,-7.772645104e-16,1.000002824e+00
207,2.070000,8.923263730e-01,4.171223424e-01,-4.228658724e-01,9.228391841e-01,-3.832793658e-06,-7.772645104e-16,1.000003833e+00
208,2.080000,8.639138794e-01,4.742444970e-01,-4.805532751e-01,8.935622142e-01,-4.982407748e-06,-7.772645104e-16,1.000004982e+00
209,2.090000,8.319382674e-01,5.294106820e-01,-5.361645165e-01,8.606519870e-01,-6.266003787e-06,-6.662267232e-16,1.000006266e+00
210,2.100000,7.965374592e-01,5.823972154e-01,-5.894676673e-01,8.242628262e-01,-7.676158016e-06,-8.883022977e-16,1.000007676e+00
211,2.110000,7.578635757e-01,6.329906035e-01,-6.402432294e-01,7.845641566e-01,-9.204834913e-06,-8.883022977e-16,1.000009205e+00
212,2.120000,7.160821222e-01,6.809884550e-01,-6.882851412e-01,7.417393814e-01,-1.084346543e-05,-8.883022977e-16,1.000010844e+00
213,2.130000,6.713711140e-01,7.262003232e-01,-7.334016662e-01,6.959846924e-01,-1.258302769e-05,-8.883022977e-16,1.000012583e+00
214,2.140000,6.239201507e-01,7.684484709e-01,-7.754161628e-01,6.475078265e-01,-1.441412882e-05,-8.883022977e-16,1.000014414e+00
215,2.150000,5.739294452e-01,8.075685564e-01,-8.141677308e-01,5.965267841e-01,-1.632708665e-05,-9.993400849e-16,1.000016327e+00
216,2.160000,5.216088162e-01,8.434102374e-01,-8.495117373e-01,5.432685194e-01,-1.831201005e-05,-1.110377872e-15,1.000018312e+00
217,2.170000,4.671766518e-01,8.758376920e-01,-8.813202192e-01,4.879676192e-01,-2.035887698e-05,-9.993400849e-16,1.000020359e+00
218,2.180000,4.108588512e-01,9.047300569e-01,-9.094821691e-01,4.308649799e-01,-2.245760900e-05,-8.883022977e-16,1.000022458e+00
219,2.190000,3.528877518e-01,9.299817822e-01,-9.339037049e-01,3.722064955e-01,-2.459814178e-05,-8.883022977e-16,1.000024599e+00
220,2.200000,2.935010504e-01,9.515029046e-01,-9.545081305e-01,3.122417671e-01,-2.677049052e-05,-9.993400849e-16,1.000026771e+00
221,2.210000,2.329407226e-01,9.692192399e-01,-9.712358936e-01,2.512228435e-01,-2.896481013e-05,-9.993400849e-16,1.000028966e+00
222,2.220000,1.714519485e-01,9.830724982e-01,-9.840444457e-01,1.894030017e-01,-3.117144948e-05,-9.993400849e-16,1.000031172e+00
223,2.230000,1.092820505e-01,9.930203230e-01,-9.929080145e-01,1.270355737e-01,-3.338099957e-05,-9.993400849e-16,1.000033382e+00
224,2.240000,4.667944753e-02,9.990362592e-01,-9.978172945e-01,6.437282721e-02,-3.558433558e-05,-9.993400849e-16,1.000035586e+00
225,2.250000,-1.610736877e-02,1.001109651e+00,-9.987790662e-01,1.664904320e-03,-3.777265266e-05,-8.883022977e-16,1.000037774e+00
226,2.260000,-7.883083155e-02,9.992454772e-01,-9.958157503e-01,-6.084117798e-02,-3.993749566e-05,-9.993400849e-16,1.000039939e+00
227,2.270000,-1.412452666e-01,9.934641232e-01,-9.889649070e-01,-1.229024625e-01,-4.207078301e-05,-9.993400849e-16,1.000042073e+00
228,2.280000,-2.031078270e-01,9.838010983e-01,-9.782786884e-01,-1.842809200e-01,-4.416482495e-05,-9.993400849e-16,1.000044167e+00
229,2.290000,-2.641793922e-01,9.703066998e-01,-9.638232510e-01,-2.447442508e-01,-4.621233662e-05,-9.993400849e-16,1.000046214e+00
230,2.300000,-3.242254288e-01,9.530456287e-01,-9.456781377e-01,-3.040666191e-01,-4.820644628e-05,-7.772645104e-16,1.000048209e+00
231,2.310000,-3.830168118e-01,9.320965615e-01,-9.239356351e-01,-3.620293220e-01,-5.014069913e-05,-6.662267232e-16,1.000050143e+00
232,2.320000,-4.403306049e-01,9.075516823e-01,-8.987001132e-01,-4.184213941e-01,-5.200905732e-05,-6.662267232e-16,1.000052012e+00
233,2.330000,-4.959507988e-01,8.795161784e-01,-8.700873541e-01,-4.730401510e-01,-5.380589644e-05,-6.662267232e-16,1.000053809e+00
234,2.340000,-5.496690065e-01,8.481077038e-01,-8.382238745e-01,-5.256916733e-01,-5.552599919e-05,-7.772645104e-16,1.000055529e+00
235,2.350000,-6.012851174e-01,8.134558145e-01,-8.032462473e-01,-5.761912360e-01,-5.716454648e-05,-6.662267232e-16,1.000057168e+00
236,2.360000,-6.506079069e-01,7.757013777e-01,-7.653004264e-01,-6.243636849e-01,-5.871710665e-05,-8.883022977e-16,1.000058721e+00
237,2.370000,-6.974556053e-01,7.349959598e-01,-7.245410779e-01,-6.700437659e-01,-6.017962313e-05,-8.883022977e-16,1.000060183e+00
238,2.380000,-7.416564240e-01,6.915011948e-01,-6.811309215e-01,-7.130764086e-01,-6.154840097e-05,-7.772645104e-16,1.000061552e+00
239,2.390000,-7.830490413e-01,6.453881355e-01,-6.352400834e-01,-7.533169714e-01,-6.282009269e-05,-7.772645104e-16,1.000062824e+00
240,2.400000,-8.214830472e-01,5.968365922e-01,-5.870454630e-01,-7.906314486e-01,-6.399168379e-05,-8.883022977e-16,1.000063996e+00
241,2.410000,-8.568193498e-01,5.460344575e-01,-5.367301147e-01,-8.248966464e-01,-6.506047821e-05,-9.993400849e-16,1.000065065e+00
242,2.420000,-8.889305426e-01,4.931770225e-01,-4.844826448e-01,-8.560003292e-01,-6.602408416e-05,-9.993400849e-16,1.000066028e+00
243,2.430000,-9.177012345e-01,4.384662837e-01,-4.304966242e-01,-8.838413416e-01,-6.688040042e-05,-8.883022977e-16,1.000066885e+00
244,2.440000,-9.430283439e-01,3.821102438e-01,-3.749700166e-01,-9.083297086e-01,-6.762760356e-05,-1.110377872e-15,1.000067632e+00
245,2.450000,-9.648213565e-01,3.243222061e-01,-3.181046212e-01,-9.293867167e-01,-6.826413610e-05,-1.110377872e-15,1.000068269e+00
246,2.460000,-9.830025495e-01,2.653200646e-01,-2.601055294e-01,-9.469449798e-01,-6.878869591e-05,-1.110377872e-15,1.000068793e+00
247,2.470000,-9.975071813e-01,2.053255904e-01,-2.011805930e-01,-9.609484916e-01,-6.920022690e-05,-1.110377872e-15,1.000069205e+00
248,2.480000,-1.008283648e+00,1.445637157e-01,-1.415399041e-01,-9.713526668e-01,-6.949791133e-05,-1.110377872e-15,1.000069503e+00
249,2.490000,-1.015293610e+00,8.326181435e-02,-8.139528303e-02,-9.781243734e-01,-6.968116354e-05,-8.883022977e-16,1.000069686e+00
250,2.500000,-1.018512081e+00,2.164898187e-02,-2.095977362e-02,-9.812419566e-01,-6.974962546e-05,-9.993400849e-16,1.000069754e+00
251,2.510000,-1.017927493e+00,-4.004468653e-02,3.955285702e-02,-9.806952561e-01,-6.970316380e-05,-1.110377872e-15,1.000069708e+00
252,2.520000,-1.013541723e+00,-1.015888186e-01,9.992861637e-02,-9.764856177e-01,-6.954186899e-05,-1.110377872e-15,1.000069547e+00
253,2.530000,-1.005370093e+00,-1.627534882e-01,1.599537841e-01,-9.686258980e-01,-6.926605589e-05,-8.883022977e-16,1.000069271e+00
254,2.540000,-9.934413375e-01,-2.233099388e-01,2.194154120e-01,-9.571404644e-01,-6.887626630e-05,-8.883022977e-16,1.000068881e+00
255,2.550000,-9.777975389e-01,-2.830313063e-01,2.781018281e-01,-9.420651872e-01,-6.837327309e-05,-8.883022977e-16,1.000068378e+00
256,2.560000,-9.584940311e-01,-3.416933417e-01,3.358031479e-01,-9.234474257e-01,-6.775808616e-05,-7.772645104e-16,1.000067763e+00
257,2.570000,-9.355992708e-01,-3.990751322e-01,3.923117938e-01,-9.013460042e-01,-6.703195986e-05,-7.772645104e-16,1.000067036e+00
258,2.580000,-9.091946771e-01,-4.549598211e-01,4.474230257e-01,-8.758311785e-01,-6.619640199e-05,-8.883022977e-16,1.000066201e+00
259,2.590000,-8.793744352e-01,-5.091353241e-01,5.009354838e-01,-8.469845899e-01,-6.525318420e-05,-8.883022977e-16,1.000065257e+00
260,2.600000,-8.462452677e-01,-5.613950437e-01,5.526517450e-01,-8.148992037e-01,-6.420435354e-05,-8.883022977e-16,1.000064208e+00
261,2.610000,-8.099261687e-01,-6.115385782e-01,6.023788951e-01,-7.796792308e-01,-6.305224514e-05,-6.662267232e-16,1.000063056e+00
262,2.620000,-7.705481032e-01,-6.593724254e-01,6.499291159e-01,-7.414400287e-01,-6.179949572e-05,-8.883022977e-16,1.000061803e+00
263,2.630000,-7.282536673e-01,-7.047106800e-01,6.951202898e-01,-7.003079779e-01,-6.044905768e-05,-8.883022977e-16,1.000060453e+00
264,2.640000,-6.831967114e-01,-7.473757214e-01,7.377766196e-01,-6.564203318e-01,-5.900421363e-05,-8.883022977e-16,1.000059008e+00
265,2.650000,-6.355419230e-01,-7.871988917e-01,7.777292655e-01,-6.099250347e-01,-5.746859088e-05,-8.883022977e-16,1.000057472e+00
266,2.660000,-5.854643695e-01,-8.240211617e-01,8.148169960e-01,-5.609805049e-01,-5.584617569e-05,-8.883022977e-16,1.000055849e+00
267,2.670000,-5.331489994e-01,-8.576937811e-01,8.488868535e-01,-5.097553789e-01,-5.414132692e-05,-9.993400849e-16,1.000054144e+00
268,2.680000,-4.787901014e-01,-8.880789119e-01,8.797948302e-01,-4.564282118e-01,-5.235878856e-05,-9.993400849e-16,1.000052362e+00
269,2.690000,-4.225907204e-01,-9.150502417e-01,9.074065537e-01,-4.011871317e-01,-5.050370096e-05,-9.993400849e-16,1.000050506e+00
270,2.700000,-3.647620309e-01,-9.384935737e-01,9.315979776e-01,-3.442294412e-01,-4.858160997e-05,-9.993400849e-16,1.000048584e+00
271,2.710000,-3.055226659e-01,-9.583073891e-01,9.522560740e-01,-2.857611661e-01,-4.659847395e-05,-8.883022977e-16,1.000046601e+00
277,2.770000,6.654333735e-02,-9.970095776e-01,9.972346824e-01,8.427614261e-02,-3.380361476e-05,-6.662267232e-16,1.000033805e+00
283,2.830000,4.290694931e-01,-8.953336028e-01,9.013196553e-01,4.495280466e-01,-2.075700349e-05,-6.662267232e-16,1.000020757e+00
289,2.890000,7.298894681e-01,-6.652606086e-01,6.733479328e-01,7.561537929e-01,-9.510334030e-06,-5.551889360e-16,1.000009510e+00
295,2.950000,9.242621537e-01,-3.383272550e-01,3.437600573e-01,9.559594593e-01,-2.115176725e-06,-7.772645104e-16,1.000002115e+00
301,3.010000,9.825804501e-01,3.834510546e-02,-3.863014183e-02,1.016078906e+00,-6.416673504e-08,-5.551889360e-16,1.000000064e+00
307,3.070000,8.958894407e-01,4.093691196e-01,-4.148998307e-01,9.264685230e-01,-3.791528653e-06,-2.220755744e-16,1.000003792e+00
313,3.130000,6.776006691e-01,7.203477109e-01,-7.274027344e-01,7.022980826e-01,-1.251466869e-05,-2.220755744e-16,1.000012515e+00
320,3.200000,3.016696656e-01,9.489018040e-01,-9.518275265e-01,3.204488197e-01,-2.668683858e-05,-4.441511488e-16,1.000026688e+00
327,3.270000,-1.327183373e-01,9.945966507e-01,-9.900244382e-01,-1.144194181e-01,-4.198976847e-05,-3.331133616e-16,1.000041992e+00
334,3.340000,-5.423886224e-01,8.527400550e-01,-8.427235398e-01,-5.185146147e-01,-5.546160395e-05,-6.662267232e-16,1.000055465e+00
341,3.410000,-8.521209278e-01,5.532968529e-01,-5.437746492e-01,-8.202964161e-01,-6.502147368e-05,-6.662267232e-16,1.000065026e+00
348,3.480000,-1.007012812e+00,1.531295989e-01,-1.498339323e-01,-9.701133129e-01,-6.948861623e-05,-5.551889360e-16,1.000069493e+00
355,3.550000,-9.801811947e-01,-2.747087849e-01,2.700387797e-01,-9.443953069e-01,-6.839460712e-05,-2.220755744e-16,1.000068399e+00
362,3.620000,-7.761607354e-01,-6.528001859e-01,6.435456249e-01,-7.469507479e-01,-6.184928552e-05,-3.331133616e-16,1.000061853e+00
370,3.700000,-3.727929590e-01,-9.353755511e-01,9.285767083e-01,-3.521863595e-01,-4.865637541e-05,-1.110377872e-16,1.000048659e+00
378,3.780000,1.205606748e-01,-9.908567478e-01,9.922454735e-01,1.384151377e-01,-3.167918612e-05,-1.110377872e-16,1.000031680e+00
386,3.860000,5.833921402e-01,-7.999016423e-01,8.076577521e-01,6.064767736e-01,-1.484675618e-05,-6.662267232e-16,1.000014847e+00
394,3.940000,8.972851107e-01,-4.054878721e-01,4.118709249e-01,9.281909066e-01,-3.042922593e-06,-9.993400849e-16,1.000003043e+00
402,4.020000,9.789568013e-01,9.362249755e-02,-9.467425036e-02,1.012298913e+00,-2.789800069e-07,-5.551889360e-16,1.000000279e+00
410,4.100000,8.064561594e-01,5.684946601e-01,-5.752013016e-01,8.343437755e-01,-7.563864278e-06,-8.883022977e-16,1.000007564e+00
419,4.190000,3.688280854e-01,9.236896121e-01,-9.274386099e-01,3.882435777e-01,-2.443295703e-05,-4.441511488e-16,1.000024434e+00
428,4.280000,-1.862065773e-01,9.870547993e-01,-9.813769275e-01,-1.674899967e-01,-4.400600711e-05,-6.662267232e-16,1.000044008e+00
437,4.370000,-6.847798717e-01,7.467369434e-01,-7.359443174e-01,-6.575890352e-01,-6.007088547e-05,-4.441511488e-16,1.000060074e+00
446,4.460000,-9.783279643e-01,2.819930262e-01,-2.762543115e-01,-9.423820944e-01,-6.875250702e-05,-2.220755744e-16,1.000068757e+00
455,4.550000,-9.824939072e-01,-2.663662216e-01,2.619562674e-01,-9.466565006e-01,-6.841577654e-05,-4.441511488e-16,1.000068420e+00
465,4.650000,-6.489261760e-01,-7.762900125e-01,7.671241293e-01,-6.231059253e-01,-5.758931910e-05,-4.441511488e-16,1.000057593e+00
474,4.740000,-1.386858923e-01,-9.930091961e-01,9.900743702e-01,-1.204707314e-01,-4.051274322e-05,-4.441511488e-16,1.000040514e+00
484,4.840000,4.698672843e-01,-8.735853856e-01,8.804534707e-01,4.910094154e-01,-1.885501194e-05,-1.110377872e-16,1.000018855e+00
494,4.940000,8.937532706e-01,-4.132540021e-01,4.198535546e-01,9.245889338e-01,-3.080174943e-06,2.220755744e-16,1.000003080e+00
505,5.050000,9.453765637e-01,2.734522313e-01,-2.770587632e-01,9.774921907e-01,-1.872294698e-06,1.110377872e-16,1.000001872e+00
515,5.150000,5.945899208e-01,7.923489556e-01,-7.985749166e-01,6.174180411e-01,-1.610348234e-05,0.000000000e+00,1.000016104e+00
526,5.260000,-5.308689644e-02,1.000815803e+00,-9.971787270e-01,-3.519355547e-02,-3.969025739e-05,-1.110377872e-16,1.000039692e+00
537,5.370000,-6.783674453e-01,7.525257552e-01,-7.415660088e-01,-6.512886601e-01,-6.001631090e-05,-4.441511488e-16,1.000060020e+00
548,5.480000,-1.004252625e+00,1.702272958e-01,-1.663889325e-01,-9.674225224e-01,-6.946952265e-05,-1.110377872e-16,1.000069474e+00
560,5.600000,-8.603702418e-01,-5.396339411e-01,5.315317786e-01,-8.287454890e-01,-6.433013881e-05,0.000000000e+00,1.000064334e+00
572,5.720000,-2.700871341e-01,-9.679039004e-01,9.630261185e-01,-2.508220514e-01,-4.479733347e-05,2.220755744e-16,1.000044799e+00
584,5.840000,4.623297836e-01,-8.776395402e-01,8.846137776e-01,4.833963203e-01,-1.893293567e-05,1.110377872e-16,1.000018933e+00
596,5.960000,9.364442191e-01,-3.020228366e-01,3.073288063e-01,9.686003811e-01,-1.452570587e-06,1.110377872e-16,1.000001453e+00
608,6.080000,8.797463693e-01,4.440014831e-01,-4.494929306e-01,9.096769767e-01,-4.797454654e-06,2.220755744e-16,1.000004797e+00
621,6.210000,2.661106868e-01,9.604692777e-01,-9.621871971e-01,2.845030538e-01,-2.862766705e-05,3.331133616e-16,1.000028628e+00
634,6.340000,-5.203144017e-01,8.662610801e-01,-8.558530413e-01,-4.967542017e-01,-5.526770304e-05,2.220755744e-16,1.000055271e+00
647,6.470000,-9.899169068e-01,2.391177327e-01,-2.339043381e-01,-9.535445489e-01,-6.914455811e-05,3.331133616e-16,1.000069149e+00
661,6.610000,-8.303747373e-01,-5.836517193e-01,5.753021541e-01,-7.997406762e-01,-6.323531105e-05,2.220755744e-16,1.000063239e+00
675,6.750000,-9.334085107e-02,-9.972638606e-01,9.955479085e-01,-7.538601380e-02,-3.852180067e-05,0.000000000e+00,1.000038523e+00
689,6.890000,7.065216165e-01,-6.901892264e-01,6.989262358e-01,7.324180537e-01,-9.757594637e-06,-8.883022977e-16,1.000009758e+00
703,7.030000,9.747091029e-01,1.317246860e-01,-1.330341957e-01,1.007825468e+00,-6.092071698e-07,-1.332453446e-15,1.000000609e+00
718,7.180000,4.493716212e-01,8.860133794e-01,-8.902884397e-01,4.696626715e-01,-2.205223383e-05,-1.554529021e-15,1.000022053e+00
733,7.330000,-4.578572018e-01,8.997275236e-01,-8.897025587e-01,-4.354428948e-01,-5.346765177e-05,-1.554529021e-15,1.000053471e+00
748,7.480000,-1.001201761e+00,1.872754356e-01,-1.828958476e-01,-9.644496075e-01,-6.944975811e-05,-1.332453446e-15,1.000069455e+00
764,7.640000,-7.145493365e-01,-7.176831411e-01,7.089139378e-01,-6.872652993e-01,-5.928799176e-05,-1.221415659e-15,1.000059292e+00
780,7.800000,2.106928161e-01,-9.736152804e-01,9.773905513e-01,2.290451594e-01,-2.760869031e-05,-1.332453446e-15,1.000027609e+00
796,7.960000,9.310900184e-01,-3.182183751e-01,3.239852481e-01,9.631318867e-01,-1.505146374e-06,-8.883022977e-16,1.000001505e+00
813,8.130000,7.079765241e-01,6.902911751e-01,-6.966002209e-01,7.330801835e-01,-1.217490638e-05,-1.332453446e-15,1.000012175e+00
830,8.300000,-2.748199737e-01,9.681972008e-01,-9.602892363e-01,-2.551168090e-01,-4.775335568e-05,-1.332453446e-15,1.000047756e+00
848,8.480000,-9.995675999e-01,1.957793759e-01,-1.911297729e-01,-9.628576174e-01,-6.943962429e-05,-1.665566808e-15,1.000069444e+00
865,8.650000,-6.751271872e-01,-7.537934936e-01,7.452482182e-01,-6.489107469e-01,-5.782924035e-05,-1.332453446e-15,1.000057833e+00
883,8.830000,3.822810487e-01,-9.165368967e-01,9.231021337e-01,4.023306435e-01,-2.123716528e-05,-1.443491234e-15,1.000021238e+00
902,9.020000,9.820703579e-01,5.110513070e-02,-5.093270468e-02,1.015464538e+00,-2.242107651e-07,-1.665566808e-15,1.000000224e+00
921,9.210000,2.907782960e-01,9.531611917e-01,-9.546512466e-01,3.092528799e-01,-2.837501976e-05,-1.776604595e-15,1.000028376e+00
940,9.400000,-7.843293507e-01,6.446106640e-01,-6.333984082e-01,-7.542305746e-01,-6.368761782e-05,-2.109717957e-15,1.000063692e+00
960,9.600000,-8.783298556e-01,-5.100697379e-01,5.028362884e-01,-8.463551212e-01,-6.449572537e-05,-2.220755744e-15,1.000064500e+00
980,9.800000,1.939182361e-01,-9.771786411e-01,9.811026861e-01,2.121922956e-01,-2.777666850e-05,-2.109717957e-15,1.000027777e+00
1000,10.000000,9.796108198e-01,-8.515854407e-02,8.762201978e-02,1.013054125e+00,-1.201374222e-08,-2.220755744e-15,1.000000012e+00
1021,10.210000,2.989576094e-01,9.505840876e-01,-9.519974384e-01,3.174594857e-01,-2.829084688e-05,-1.887642383e-15,1.000028292e+00
1043,10.430000,-8.856255102e-01,4.998002029e-01,-4.899468098e-01,-8.524878988e-01,-6.662958886e-05,-2.220755744e-15,1.000066634e+00
1065,10.650000,-6.879362887e-01,-7.422124066e-01,7.339839192e-01,-6.615272107e-01,-5.794842967e-05,-3.109058042e-15,1.000057952e+00
1087,10.870000,5.859753294e-01,-7.972235378e-01,8.062373222e-01,6.094269794e-01,-1.348371644e-05,-2.664906893e-15,1.000013484e+00
1110,11.100000,8.392467766e-01,5.185319142e-01,-5.239364979e-01,8.676622543e-01,-7.176366413e-06,-2.442831319e-15,1.000007176e+00
1133,11.330000,-4.267844097e-01,9.147118049e-01,-9.042285271e-01,-4.047758852e-01,-5.319505362e-05,-2.442831319e-15,1.000053198e+00
1157,11.570000,-9.635297166e-01,-3.263855622e-01,3.218429734e-01,-9.286850525e-01,-6.729464809e-05,-1.998680170e-15,1.000067299e+00
1181,11.810000,2.385902488e-01,-9.662262710e-01,9.712954948e-01,2.572163852e-01,-2.575940893e-05,-1.887642383e-15,1.000025760e+00
1206,12.060000,9.444701319e-01,2.775225802e-01,-2.803468960e-01,9.762701013e-01,-2.476109446e-06,-1.887642383e-15,1.000002476e+00
1231,12.310000,-3.018746131e-01,9.610327271e-01,-9.519029497e-01,-2.817416700e-01,-4.940748625e-05,-2.220755744e-15,1.000049410e+00
1257,12.570000,-9.662871696e-01,-3.181818430e-01,3.138895401e-01,-9.313862599e-01,-6.732303035e-05,-1.887642383e-15,1.000067328e+00
1283,12.830000,3.505042050e-01,-9.293176049e-01,9.362539556e-01,3.702759049e-01,-2.155867713e-05,-1.776604595e-15,1.000021559e+00
1310,13.100000,8.480540448e-01,5.039019348e-01,-5.089266116e-01,8.766085671e-01,-7.067248010e-06,-1.887642383e-15,1.000007067e+00
1337,13.370000,-6.253410646e-01,7.968211401e-01,-7.845672613e-01,-5.991942426e-01,-5.957480285e-05,-1.998680170e-15,1.000059578e+00
1366,13.660000,-6.603985506e-01,-7.657858362e-01,7.581707401e-01,-6.348653109e-01,-5.653987843e-05,-1.665566808e-15,1.000056543e+00
1394,13.940000,8.589808284e-01,-4.816944104e-01,4.902058186e-01,8.891131411e-01,-3.424990334e-06,-1.776604595e-15,1.000003425e+00
1423,14.230000,2.108295786e-01,9.759955248e-01,-9.750630103e-01,2.286368504e-01,-3.236591025e-05,-1.998680170e-15,1.000032367e+00
1453,14.530000,-1.016800673e+00,-5.951773844e-02,5.997828724e-02,-9.798289868e-01,-6.940698727e-05,-1.665566808e-15,1.000069412e+00
1484,14.840000,3.929944311e-01,-9.111639712e-01,9.190559254e-01,4.133643780e-01,-1.963806528e-05,-2.442831319e-15,1.000019638e+00
1515,15.150000,6.604812229e-01,7.378573210e-01,-7.427814667e-01,6.840373148e-01,-1.536518867e-05,-2.442831319e-15,1.000015365e+00
1546,15.460000,-9.475962602e-01,3.720969701e-01,-3.635216323e-01,-9.124088851e-01,-6.854163516e-05,-2.331793531e-15,1.000068546e+00
1579,15.790000,8.073762374e-02,-9.942978966e-01,9.975945482e-01,9.852140733e-02,-3.048503233e-05,-3.109058042e-15,1.000030486e+00
1612,16.120000,7.927567725e-01,5.892762872e-01,-5.942732918e-01,8.195065735e-01,-9.951863500e-06,-2.886982467e-15,1.000009952e+00
1646,16.460000,-9.443867347e-01,3.801375458e-01,-3.713086914e-01,-9.092802122e-01,-6.852147359e-05,-2.886982467e-15,1.000068526e+00
1680,16.800000,1.347718502e-01,-9.873678967e-01,9.917997987e-01,1.527712501e-01,-2.836537164e-05,-3.331133616e-15,1.000028366e+00
1715,17.150000,6.730804552e-01,7.262892218e-01,-7.309424903e-01,6.967738986e-01,-1.521886569e-05,-2.442831319e-15,1.000015219e+00
1751,17.510000,-1.014779231e+00,8.973181143e-02,-8.609564754e-02,-9.776855854e-01,-6.974389827e-05,-2.998020255e-15,1.000069749e+00
1788,17.880000,5.886084504e-01,-7.945222931e-01,8.047684665e-01,6.123834233e-01,-1.216715842e-05,-3.109058042e-15,1.000012167e+00
1825,18.250000,1.210333429e-01,9.932098280e-01,-9.898195235e-01,1.384913128e-01,-3.643416003e-05,-3.109058042e-15,1.000036435e+00
1864,18.640000,-7.788952902e-01,-6.478176344e-01,6.409690946e-01,-7.505880059e-01,-5.990045641e-05,-3.220095829e-15,1.000059904e+00
1903,19.030000,9.830356779e-01,2.978213421e-02,-2.817346803e-02,1.016261670e+00,-4.220016117e-07,-3.664246978e-15,1.000000422e+00
1943,19.430000,-8.446474435e-01,5.660010952e-01,-5.541045770e-01,-8.124534717e-01,-6.633524587e-05,-2.553869106e-15,1.000066340e+00
1983,19.830000,2.938981231e-01,-9.490241355e-01,9.565815221e-01,3.131751651e-01,-2.212390215e-05,-2.109717957e-15,1.000022124e+00
2025,20.250000,1.380588582e-01,9.909005984e-01,-9.873799085e-01,1.554786368e-01,-3.626632386e-05,-2.442831319e-15,1.000036268e+00
2067,20.670000,-6.586152439e-01,-7.664365944e-01,7.600786649e-01,-6.336149152e-01,-5.532504038e-05,-1.776604595e-15,1.000055328e+00
2111,21.110000,8.507904001e-01,5.001778356e-01,-5.040458482e-01,8.788862496e-01,-8.081232210e-06,-2.220755744e-15,1.000008081e+00
2155,21.550000,-1.010812882e+00,-1.220675966e-01,1.221503368e-01,-9.744137267e-01,-6.875041314e-05,-2.220755744e-15,1.000068755e+00
2200,22.000000,9.654871225e-01,-1.864512110e-01,1.918466366e-01,9.985534608e-01,-5.812976256e-08,-2.664906893e-15,1.000000058e+00
2246,22.460000,-9.237031016e-01,4.277798072e-01,-4.174471632e-01,-8.891223564e-01,-6.839704168e-05,-2.664906893e-15,1.000068402e+00
2293,22.930000,7.822615737e-01,-5.993962460e-01,6.101778523e-01,8.106268448e-01,-4.930552985e-06,-2.442831319e-15,1.000004931e+00
2341,23.410000,-7.456866490e-01,6.893855858e-01,-6.757400426e-01,-7.161387438e-01,-6.420918400e-05,-2.442831319e-15,1.000064213e+00
2390,23.900000,6.470092096e-01,-7.459270113e-01,7.573592504e-01,6.722096327e-01,-9.197879328e-06,-2.553869106e-15,1.000009198e+00
2440,24.400000,-6.955349112e-01,7.390154369e-01,-7.249528695e-01,-6.672694299e-01,-6.301140434e-05,-2.664906893e-15,1.000063015e+00
2492,24.920000,7.309949415e-01,-6.618792834e-01,6.733166556e-01,7.581532625e-01,-6.311784763e-06,-2.553869106e-15,1.000006312e+00
2544,25.440000,-8.504246375e-01,5.579588160e-01,-5.453495558e-01,-8.179183930e-01,-6.697528072e-05,-1.998680170e-15,1.000066980e+00
2597,25.970000,8.981996265e-01,-4.015562218e-01,4.106056492e-01,9.296143836e-01,-1.297477152e-06,-2.775944680e-15,1.000001297e+00
2652,26.520000,-1.013191493e+00,1.058888159e-01,-1.009674506e-01,-9.762904919e-01,-6.969437309e-05,-2.775944680e-15,1.000069699e+00
2707,27.070000,9.606958970e-01,2.155155162e-01,-2.157423545e-01,9.923688894e-01,-2.864002753e-06,-2.998020255e-15,1.000002864e+00
2764,27.640000,-8.264897149e-01,-5.863592150e-01,5.811737654e-01,-7.974496724e-01,-6.038929380e-05,-2.886982467e-15,1.000060393e+00
2822,28.220000,3.847876576e-01,9.195625453e-01,-9.186234152e-01,4.031544578e-01,-2.897447449e-05,-3.442171403e-15,1.000028975e+00
2881,28.810000,9.518087115e-02,-9.913828243e-01,9.977075676e-01,1.129470544e-01,-2.717961555e-05,-3.109058042e-15,1.000027180e+00
2941,29.410000,-7.094019207e-01,7.264661305e-01,-7.116778984e-01,-6.806446982e-01,-6.395363129e-05,-3.997360339e-15,1.000063958e+00
3003,30.030000,9.813415506e-01,-6.396487559e-02,6.825786040e-02,1.014421981e+00,-2.803051560e-07,-3.331133616e-15,1.000000280e+00
3066,30.660000,-7.646099676e-01,-6.626425869e-01,6.577267409e-01,-7.376607945e-01,-5.758241459e-05,-3.109058042e-15,1.000057586e+00
3130,31.300000,-8.004195589e-02,1.002317895e+00,-9.925869967e-01,-6.212786482e-02,-4.598861084e-05,-2.998020255e-15,1.000045991e+00
3196,31.960000,8.455700523e-01,-5.038025798e-01,5.148710418e-01,8.757017637e-01,-2.206262689e-06,-2.220755744e-15,1.000002206e+00
3263,32.630000,-8.835737651e-01,-4.980312810e-01,4.941815899e-01,-8.530613796e-01,-6.199214377e-05,-3.220095829e-15,1.000061996e+00
3331,33.310000,-1.251678555e-01,9.986767998e-01,-9.877881401e-01,-1.068920332e-01,-4.783776114e-05,-4.108398127e-15,1.000047840e+00
3401,34.010000,9.574532272e-01,-2.239837115e-01,2.312830930e-01,9.901861237e-01,-7.470277286e-09,-4.219435914e-15,1.000000007e+00
3472,34.720000,-5.002776308e-01,-8.728698673e-01,8.706582624e-01,-4.795121119e-01,-4.705041480e-05,-4.219435914e-15,1.000047053e+00
3545,35.450000,-8.368217903e-01,5.786359970e-01,-5.644340050e-01,-8.045425202e-01,-6.744127953e-05,-5.218775999e-15,1.000067446e+00
3619,36.190000,6.056405731e-01,7.873574681e-01,-7.880102972e-01,6.264685188e-01,-2.181902543e-05,-5.107738211e-15,1.000021820e+00
3695,36.950000,7.866203101e-01,-5.924518287e-01,6.050917311e-01,8.153525080e-01,-3.303723913e-06,-4.663587063e-15,1.000003304e+00
3773,37.730000,-4.676690752e-01,-8.896965825e-01,8.885215866e-01,-4.476368811e-01,-4.525974611e-05,-5.440851573e-15,1.000045262e+00
3852,38.520000,-9.971638999e-01,2.085217551e-01,-2.003419973e-01,-9.608098333e-01,-6.973426820e-05,-6.218116084e-15,1.000069739e+00
3932,39.320000,-1.359254380e-01,9.980810741e-01,-9.857658797e-01,-1.176106362e-01,-4.934211349e-05,-6.107078296e-15,1.000049345e+00
4015,40.150000,8.025713778e-01,5.786976589e-01,-5.799961812e-01,8.276125108e-01,-1.357001266e-05,-5.773964935e-15,1.000013570e+00
4099,40.990000,8.978509428e-01,-4.015121915e-01,4.123108780e-01,9.292329732e-01,-5.393578597e-07,-6.218116084e-15,1.000000539e+00
4185,41.850000,2.340857399e-01,-9.643309004e-01,9.754685262e-01,2.528394218e-01,-1.970779573e-05,-7.994720679e-15,1.000019708e+00
4272,42.720000,-5.590058621e-01,-8.368658092e-01,8.354861274e-01,-5.378669378e-01,-4.766014780e-05,-9.438211913e-15,1.000047662e+00
4362,43.620000,-9.507020674e-01,-3.562306339e-01,3.553204784e-01,-9.185680098e-01,-6.372145942e-05,-1.010443864e-14,1.000063726e+00
4453,44.530000,-9.990668825e-01,1.989625806e-01,-1.903379509e-01,-9.628889039e-01,-6.965365220e-05,-9.327174125e-15,1.000069659e+00
4547,45.470000,-8.577888081e-01,5.481778675e-01,-5.331429474e-01,-8.249156140e-01,-6.846237499e-05,-9.771325274e-15,1.000068467e+00
4642,46.420000,-6.462389507e-01,7.834718108e-01,-7.657947254e-01,-6.187834464e-01,-6.433969341e-05,-8.660947402e-15,1.000064344e+00
4739,47.390000,-4.840783857e-01,8.903788364e-01,-8.727189096e-01,-4.602768988e-01,-6.056806905e-05,-9.327174125e-15,1.000060572e+00
4839,48.390000,-4.764560812e-01,8.944468253e-01,-8.766508023e-01,-4.528077754e-01,-6.051476726e-05,-7.661607317e-15,1.000060518e+00
4940,49.400000,-5.232349324e-01,8.687661963e-01,-8.506089952e-01,-4.985909539e-01,-6.181092113e-05,-7.772645104e-15,1.000061815e+00
5044,50.440000,-7.131233983e-01,7.246016289e-01,-7.067184596e-01,-6.839926995e-01,-6.617009513e-05,-8.660947402e-15,1.000066174e+00
5149,51.490000,-8.945483624e-01,4.868405262e-01,-4.720934632e-01,-8.607989770e-01,-6.924321981e-05,-9.216136338e-15,1.000069248e+00
5257,52.570000,-1.017658970e+00,2.253393267e-02,-1.645835359e-02,-9.821459869e-01,-6.832512272e-05,-7.883682892e-15,1.000068330e+00
5367,53.670000,-8.466678394e-01,-5.537739010e-01,5.527060060e-01,-8.194316023e-01,-5.739413737e-05,-7.661607317e-15,1.000057397e+00
5480,54.800000,-1.896871706e-01,-9.799220668e-01,9.868296744e-01,-1.731501975e-01,-3.157515925e-05,-8.216796253e-15,1.000031576e+00
5595,55.950000,6.791505951e-01,-7.135865944e-01,7.297332903e-01,7.054880837e-01,-4.074946728e-06,-7.994720679e-15,1.000004075e+00
5712,57.120000,9.470084395e-01,2.769369825e-01,-2.742957260e-01,9.755962841e-01,-7.520773756e-06,-1.021547642e-14,1.000007521e+00
5832,58.320000,2.738010893e-02,1.006162561e+00,-9.925452168e-01,4.378025515e-02,-4.792205963e-05,-8.994060764e-15,1.000047924e+00
5954,59.540000,-9.834790860e-01,2.653327186e-01,-2.538894502e-01,-9.481598343e-01,-6.957989708e-05,-8.327834040e-15,1.000069585e+00
6079,60.790000,-3.008911143e-01,-9.531059066e-01,9.593059592e-01,-2.842901143e-01,-3.429101233e-05,-9.105098551e-15,1.000034292e+00
6206,62.060000,9.730807122e-01,-1.446552777e-01,1.535471809e-01,1.004694804e+00,-1.069984998e-06,-8.327834040e-15,1.000001070e+00
6336,63.360000,-1.781948425e-01,9.945033568e-01,-9.767486575e-01,-1.598291300e-01,-5.495715474e-05,-6.662267232e-15,1.000054960e+00
6469,64.690000,-8.290122557e-01,-5.773577065e-01,5.779359609e-01,-8.035885595e-01,-5.478855499e-05,-6.662267232e-15,1.000054792e+00
6605,66.050000,9.536161097e-01,-2.406862307e-01,2.515405775e-01,9.850066314e-01,-4.994068021e-07,-6.107078296e-15,1.000000499e+00
6743,67.430000,-5.496804903e-01,8.541369795e-01,-8.330579246e-01,-5.245137327e-01,-6.455080843e-05,-5.551889360e-15,1.000064555e+00
6884,68.840000,-5.798151864e-02,-9.926987676e-01,1.004755592e+00,-4.209802119e-02,-2.399254676e-05,-5.440851573e-15,1.000023993e+00
7029,70.290000,3.124368740e-01,9.528736821e-01,-9.419600342e-01,3.273993168e-01,-4.078668802e-05,-4.663587063e-15,1.000040788e+00
7176,71.760000,-5.567406887e-01,-8.346218264e-01,8.388132895e-01,-5.384349872e-01,-4.171845690e-05,-5.773964935e-15,1.000041720e+00
7326,73.260000,5.058729750e-01,8.618280994e-01,-8.539151796e-01,5.217366059e-01,-3.400162569e-05,-5.107738211e-15,1.000034003e+00
7480,74.800000,-3.548278475e-01,-9.338175504e-01,9.419058460e-01,-3.390160503e-01,-3.326737349e-05,-5.996040509e-15,1.000033268e+00
7637,76.370000,-1.288809389e-01,1.002557955e+00,-9.829633247e-01,-1.115979184e-01,-5.580432917e-05,-7.106418381e-15,1.000055807e+00
7797,77.970000,6.340692081e-01,-7.532310463e-01,7.725619791e-01,6.591439422e-01,-2.883584572e-06,-6.329153871e-15,1.000002884e+00
7960,79.600000,-1.014665307e+00,7.080741122e-02,-6.118148483e-02,-9.811397278e-01,-6.699161967e-05,-5.440851573e-15,1.000066996e+00
8127,81.270000,5.112747822e-01,8.595316156e-01,-8.501788706e-01,5.263410918e-01,-3.552912099e-05,-5.773964935e-15,1.000035530e+00
8297,82.970000,6.009022816e-01,-7.800505942e-01,8.001930523e-01,6.251756582e-01,-3.067342480e-06,-5.329813786e-15,1.000003067e+00
8471,84.710000,-8.544981728e-01,-5.366895092e-01,5.403005273e-01,-8.307647027e-01,-5.261284201e-05,-5.440851573e-15,1.000052616e+00
8649,86.490000,-7.122404915e-01,7.275152167e-01,-7.049632930e-01,-6.837423992e-01,-6.868463799e-05,-5.996040509e-15,1.000068689e+00
8830,88.300000,3.986532991e-01,9.205155318e-01,-9.076651404e-01,4.122396234e-01,-4.144908522e-05,-7.328493956e-15,1.000041451e+00
9015,90.150000,9.696581239e-01,1.889994027e-01,-1.817640000e-01,9.957192479e-01,-1.022531396e-05,-6.329153871e-15,1.000010225e+00
9204,92.040000,8.445626035e-01,-5.035961790e-01,5.212389109e-01,8.730751496e-01,-1.864607135e-08,-6.440191658e-15,1.000000019e+00
9397,93.970000,5.240471923e-01,-8.338523244e-01,8.556517309e-01,5.464648313e-01,-3.490303059e-06,-5.662927148e-15,1.000003490e+00
9594,95.940000,3.379657277e-01,-9.268844439e-01,9.485710948e-01,3.569733368e-01,-7.316058936e-06,-4.774624850e-15,1.000007316e+00
9795,97.950000,3.812022619e-01,-9.093284505e-01,9.315132094e-01,4.008609004e-01,-6.037688623e-06,-4.330473701e-15,1.000006038e+00
10000,100.000000,6.366205499e-01,-7.500883279e-01,7.720113843e-01,6.609648666e-01,-1.192489838e-06,-5.107738211e-15,1.000001192e+00
10210,102.100000,9.576487521e-01,-2.289097524e-01,2.427407312e-01,9.860555058e-01,-2.985913733e-06,-5.885002722e-15,1.000002986e+00
10424,104.240000,7.945479817e-01,6.003287290e-01,-5.916629982e-01,8.113647816e-01,-2.697627933e-05,-5.996040509e-15,1.000026977e+00
10643,106.430000,-2.408812028e-01,9.857447162e-01,-9.597901979e-01,-2.231491225e-01,-6.284153131e-05,-5.662927148e-15,1.000062845e+00
10866,108.660000,-1.012986236e+00,-4.963231505e-02,5.993344418e-02,-9.841060756e-01,-6.187618991e-05,-7.883682892e-15,1.000061880e+00
11093,110.930000,1.528148800e-01,-9.757847178e-01,9.983133917e-01,1.683186481e-01,-9.729128337e-06,-8.660947402e-15,1.000009729e+00
11326,113.260000,7.654944621e-01,6.397630862e-01,-6.293031103e-01,7.802220327e-01,-3.061806191e-05,-8.438871828e-15,1.000030619e+00
11563,115.630000,-9.973256941e-01,1.955358668e-01,-1.806195993e-01,-9.671293351e-01,-6.557341973e-05,-8.883022977e-15,1.000065578e+00
11806,118.060000,7.927985102e-01,-5.818123816e-01,6.029385451e-01,8.186991096e-01,-1.796254141e-07,-9.327174125e-15,1.000000180e+00
12053,120.530000,-6.778977857e-01,7.603365877e-01,-7.337950348e-01,-6.519114558e-01,-6.960045098e-05,-1.021547642e-14,1.000069605e+00
12306,123.060000,7.668221238e-01,-6.156144925e-01,6.376961363e-01,7.919510185e-01,-1.362330602e-07,-1.010443864e-14,1.000000136e+00
12564,125.640000,-9.919472743e-01,2.195816463e-01,-2.035290881e-01,-9.629234515e-01,-6.495980578e-05,-1.165896766e-14,1.000064964e+00
12827,128.270000,8.063125958e-01,5.882787049e-01,-5.762579979e-01,8.196079784e-01,-3.155842556e-05,-1.177000544e-14,1.000031559e+00
13096,130.960000,1.725938218e-01,-9.709379982e-01,9.965287944e-01,1.871032936e-01,-6.391840849e-06,-1.188104323e-14,1.000006392e+00
13370,133.700000,-1.008441674e+00,-8.167030077e-02,9.370092810e-02,-9.839021806e-01,-5.749440630e-05,-1.321349668e-14,1.000057498e+00
13651,136.510000,-4.619110242e-01,9.073327212e-01,-8.772034314e-01,-4.415247917e-01,-6.872628200e-05,-1.254726995e-14,1.000068731e+00
13937,139.370000,4.023152030e-01,9.247637548e-01,-9.027682404e-01,4.101589907e-01,-5.155566875e-05,-1.010443864e-14,1.000051558e+00
14229,142.290000,8.042578752e-01,5.938171864e-01,-5.798114426e-01,8.151098869e-01,-3.479024555e-05,-9.771325274e-15,1.000034791e+00
14527,145.270000,8.827760147e-01,4.642120559e-01,-4.511574792e-01,8.953888542e-01,-3.012045937e-05,-9.549249700e-15,1.000030121e+00
14832,148.320000,7.180924368e-01,6.999696404e-01,-6.833499445e-01,7.262802163e-01,-4.081482435e-05,-1.054858978e-14,1.000040816e+00
15142,151.420000,2.062231808e-01,9.914502082e-01,-9.639700582e-01,2.140022773e-01,-5.915716870e-05,-1.032651421e-14,1.000059161e+00
15460,154.600000,-7.737437348e-01,6.618278014e-01,-6.350073626e-01,-7.490787873e-01,-6.879428772e-05,-1.021547642e-14,1.000068799e+00
15784,157.840000,-7.326961361e-01,-6.776888140e-01,6.931192349e-01,-7.235487768e-01,-3.145173749e-05,-1.043755200e-14,1.000031453e+00
16115,161.150000,8.996003936e-01,-4.037450596e-01,4.239813062e-01,9.211647677e-01,-6.147126332e-06,-1.077066536e-14,1.000006147e+00
16452,164.520000,-2.944789082e-01,9.746049389e-01,-9.414104190e-01,-2.796713080e-01,-6.869111469e-05,-7.883682892e-15,1.000068696e+00
16797,167.970000,-7.856582375e-02,-9.832867343e-01,1.011217431e+00,-7.056324556e-02,-6.969530775e-06,-5.662927148e-15,1.000006970e+00
17149,171.490000,-5.259102583e-02,1.015481606e+00,-9.823900942e-01,-4.300115653e-02,-6.649015973e-05,-5.440851573e-15,1.000066495e+00
17509,175.090000,5.861359280e-01,-7.897463756e-01,8.179443452e-01,6.037711498e-01,-4.318117088e-07,-5.551889360e-15,1.000000432e+00
17876,178.760000,-1.005436475e+00,-6.678985488e-02,8.207447309e-02,-9.890021179e-01,-5.000925922e-05,-9.660287487e-15,1.000050012e+00
18250,182.500000,-1.924777382e-02,1.016935833e+00,-9.829951419e-01,-1.130319389e-02,-6.696583590e-05,-9.993400849e-15,1.000066970e+00
18633,186.330000,8.751150320e-01,4.886487287e-01,-4.709147142e-01,8.795971281e-01,-3.983883640e-05,-1.387972340e-14,1.000039840e+00
19024,190.240000,9.880642405e-01,-9.319450549e-02,1.101949405e-01,1.001545185e+00,-1.994702231e-05,-1.376868561e-14,1.000019947e+00
19422,194.220000,9.580199676e-01,-2.512482336e-01,2.699927754e-01,9.728662960e-01,-1.564460867e-05,-1.332453446e-14,1.000015645e+00
19829,198.290000,9.854573512e-01,1.536091537e-01,-1.371919767e-01,9.932308087e-01,-3.005531605e-05,-1.365764783e-14,1.000030056e+00
20245,202.450000,4.464959179e-01,9.098626802e-01,-8.801647211e-01,4.457633434e-01,-6.065770905e-05,-1.210311881e-14,1.000060661e+00
20669,206.690000,-8.358891692e-01,5.753133355e-01,-5.495194471e-01,-8.179489631e-01,-6.282398224e-05,-1.421283676e-14,1.000062828e+00
21103,211.030000,-6.253625083e-02,-9.822372600e-01,1.014198122e+00,-5.880366378e-02,-2.086618456e-06,-1.598944136e-14,1.000002087e+00
21545,215.450000,5.441836975e-01,8.545607367e-01,-8.255778611e-01,5.409094787e-01,-5.995704537e-05,-1.610047914e-14,1.000059961e+00
21996,219.960000,-5.533103120e-01,-8.192370348e-01,8.453097134e-01,-5.554776686e-01,-1.170292975e-05,-1.332453446e-14,1.000011703e+00
22457,224.570000,-8.782922415e-02,1.014863061e+00,-9.780409451e-01,-8.292135702e-02,-6.960368786e-05,-1.232519438e-14,1.000069609e+00
22928,229.280000,9.797151307e-01,-1.737713590e-01,1.920235535e-01,9.865034448e-01,-2.526331472e-05,-1.110377872e-14,1.000025264e+00
23409,234.090000,1.244375942e-01,-9.753944260e-01,1.008672215e+00,1.286370862e-01,-1.278104289e-10,-1.043755200e-14,1.000000000e+00
23899,238.990000,-5.284302500e-01,-8.335013378e-01,8.614815962e-01,-5.333049770e-01,-8.015391055e-06,-1.132585430e-14,1.000008015e+00
24400,244.000000,-5.102748350e-01,-8.441161724e-01,8.727307547e-01,-5.157503037e-01,-6.843324272e-06,-1.088170315e-14,1.000006843e+00
24912,249.120000,1.875407226e-01,-9.654736513e-01,9.985018435e-01,1.910695664e-01,-4.963624292e-07,-9.216136338e-15,1.000000496e+00
25434,254.340000,1.000448293e+00,-1.163757571e-02,2.936224015e-02,9.990709630e-01,-3.635289729e-05,-1.043755200e-14,1.000036354e+00
25967,259.670000,-3.913577292e-01,9.387748462e-01,-9.045391020e-01,-3.850747735e-01,-6.690656749e-05,-1.099274093e-14,1.000066911e+00
26511,265.110000,-1.168169619e-02,-9.832569250e-01,1.016731151e+00,-1.306322583e-02,-5.951508553e-08,-1.254726995e-14,1.000000060e+00
27067,270.670000,-3.019708154e-01,9.714206572e-01,-9.365152629e-01,-2.984072251e-01,-6.723319265e-05,-1.254726995e-14,1.000067238e+00
27634,276.340000,9.795386355e-01,-1.991534546e-01,2.166430103e-01,9.766999551e-01,-3.450116617e-05,-1.043755200e-14,1.000034502e+00
28214,282.140000,3.512606441e-02,-9.830425364e-01,1.015942177e+00,3.263020499e-02,-8.353979359e-07,-1.088170315e-14,1.000000835e+00
28805,288.050000,-5.568343687e-01,-8.120165494e-01,8.413344152e-01,-5.687204209e-01,-2.922937062e-06,-1.177000544e-14,1.000002923e+00
29409,294.090000,-3.769717418e-01,-9.083687596e-01,9.399980904e-01,-3.872853844e-01,-4.166945577e-07,-1.032651421e-14,1.000000417e+00
30025,300.250000,5.514485206e-01,-8.215780463e-01,8.466036578e-01,5.518367623e-01,-1.365064549e-05,-1.132585430e-14,1.000013651e+00
30654,306.540000,7.244495436e-01,7.134210798e-01,-6.842808909e-01,7.063019609e-01,-6.634395285e-05,-9.660287487e-15,1.000066348e+00
31297,312.970000,-9.629828099e-01,-2.331076024e-01,2.516517801e-01,-9.773784043e-01,-1.644857976e-05,-7.994720679e-15,1.000016449e+00
31953,319.530000,8.349047638e-01,5.788446834e-01,-5.529932541e-01,8.141806942e-01,-6.491836605e-05,-8.660947402e-15,1.000064923e+00
32623,326.230000,2.323498557e-01,-9.594136920e-01,9.870552899e-01,2.275283760e-01,-8.569132038e-06,-1.232519438e-14,1.000008569e+00
33307,333.070000,-7.469227403e-01,-6.413384777e-01,6.665392631e-01,-7.663219206e-01,-2.665063571e-06,-1.232519438e-14,1.000002665e+00
34005,340.050000,-8.556639186e-01,-4.890794649e-01,5.110982680e-01,-8.763871674e-01,-5.100076839e-06,-1.143689208e-14,1.000005100e+00
34717,347.170000,-3.214781841e-01,-9.297891345e-01,9.591481191e-01,-3.361193732e-01,-1.121323732e-06,-1.132585430e-14,1.000001121e+00
35445,354.450000,9.914208144e-01,-1.834610731e-01,1.962536033e-01,9.721963011e-01,-5.112261712e-05,-1.365764783e-14,1.000051125e+00
36188,361.880000,-7.305130246e-01,6.862361092e-01,-6.701404434e-01,-7.391873335e-01,-3.980531282e-05,-1.132585430e-14,1.000039807e+00
36947,369.470000,9.919318048e-01,-1.883701807e-01,1.998424230e-01,9.700426857e-01,-5.371177611e-05,-8.216796253e-15,1.000053715e+00
37721,377.210000,-3.222128202e-01,-9.306349497e-01,9.569775620e-01,-3.391043842e-01,-3.453279704e-06,-9.327174125e-15,1.000003453e+00
38512,385.120000,-8.208764645e-01,-5.418258310e-01,5.626273538e-01,-8.466736980e-01,-6.139946338e-07,-7.106418381e-15,1.000000614e+00
39319,393.190000,-5.569455009e-01,-8.110466514e-01,8.352010687e-01,-5.790037172e-01,-1.268865256e-06,-5.773964935e-15,1.000001269e+00
40143,401.430000,7.619683741e-01,-6.541496019e-01,6.617321482e-01,7.441105737e-01,-4.358537094e-05,-6.884342807e-15,1.000043587e+00
40984,409.840000,-1.575757811e-01,9.961231295e-01,-9.767543640e-01,-1.706666547e-01,-5.159769548e-05,-6.995380594e-15,1.000051600e+00
41843,418.430000,6.584603313e-01,-7.573018708e-01,7.633680117e-01,6.405253314e-01,-4.221919353e-05,-7.106418381e-15,1.000042221e+00
42720,427.200000,-7.269752980e-01,-6.628197535e-01,6.816773753e-01,-7.538513577e-01,-1.083598038e-06,-6.551229445e-15,1.000001084e+00
43616,436.160000,-9.052258063e-01,-3.840307256e-01,3.978556130e-01,-9.357574206e-01,-3.964001238e-08,-9.549249700e-15,1.000000040e+00
44530,445.300000,-3.304496171e-01,-9.321848645e-01,9.484455146e-01,-3.502318835e-01,-1.264798070e-05,-2.331793531e-15,1.000012648e+00
45463,454.630000,1.015926637e+00,6.636000012e-02,-5.934089058e-02,9.803096479e-01,-6.863897179e-05,2.775944680e-15,1.000068644e+00
46416,464.160000,-9.710960430e-01,-1.551572407e-01,1.624241225e-01,-1.003669280e+00,-2.556614749e-07,1.665566808e-15,1.000000256e+00
47389,473.890000,8.114122635e-02,1.002591732e+00,-9.921559161e-01,6.326286544e-02,-4.667061670e-05,3.331133616e-15,1.000046673e+00
48383,483.830000,5.174242338e-01,8.698298587e-01,-8.560524500e-01,4.932907023e-01,-5.812252409e-05,5.218775999e-15,1.000058126e+00
49397,493.970000,-2.455901175e-01,9.672113960e-01,-9.668325101e-01,-2.635656686e-01,-3.115642402e-05,7.772645104e-15,1.000031157e+00
50432,504.320000,-6.535241307e-01,-7.420578507e-01,7.502428375e-01,-6.780728315e-01,-1.218691487e-05,9.105098551e-15,1.000012187e+00
51489,514.890000,4.214543597e-01,9.151300427e-01,-9.082621893e-01,4.002391370e-01,-4.975385242e-05,1.221415659e-14,1.000049756e+00
52568,525.680000,9.905026282e-01,-2.375527037e-01,2.311429752e-01,9.540125182e-01,-6.949134953e-05,1.399076119e-14,1.000069496e+00
53670,536.700000,9.968289690e-01,-2.101138368e-01,2.030019750e-01,9.602520104e-01,-6.973314158e-05,1.143689208e-14,1.000069738e+00
54795,547.950000,3.350323104e-01,9.447723104e-01,-9.459909011e-01,3.167292610e-01,-4.006862713e-05,1.032651421e-14,1.000040070e+00
55944,559.440000,-4.179887636e-01,-9.069673061e-01,9.019169806e-01,-4.350627264e-01,-3.265417703e-05,1.199208102e-14,1.000032655e+00
57116,571.160000,-7.074332538e-01,6.847179741e-01,-7.015605002e-01,-7.343299994e-01,-2.769590377e-06,9.549249700e-15,1.000002770e+00
58314,583.140000,-5.304496507e-01,8.308560190e-01,-8.500202853e-01,-5.535229866e-01,-5.481763257e-06,7.772645104e-15,1.000005482e+00
59536,595.360000,-9.392183457e-01,-3.105761538e-01,3.045994192e-01,-9.638432142e-01,-1.310940589e-05,8.771985189e-15,1.000013110e+00
60784,607.840000,1.014238383e+00,3.887383237e-02,-4.849430321e-02,9.839653113e-01,-6.325185171e-05,5.996040509e-15,1.000063256e+00
62058,620.580000,-8.372986862e-02,-1.007489179e+00,9.844164141e-01,-9.640121300e-02,-5.608436559e-05,6.662267232e-16,1.000056088e+00
63359,633.590000,-1.335224171e-01,-1.002563380e+00,9.780460487e-01,-1.446003847e-01,-5.690366694e-05,4.441511488e-16,1.000056907e+00
64687,646.870000,1.007694018e+00,-1.120516130e-01,9.703404982e-02,9.814365332e-01,-6.135185198e-05,1.221415659e-15,1.000061356e+00
66042,660.420000,-9.824073038e-01,-1.408430032e-01,1.274713721e-01,-9.994908329e-01,-1.995199927e-05,-3.109058042e-15,1.000019952e+00
67427,674.270000,-5.741335347e-01,7.983423619e-01,-8.262907003e-01,-5.925410300e-01,-1.160811314e-07,-8.883022977e-16,1.000000116e+00
68840,688.400000,-9.641450321e-01,2.230519836e-01,-2.411032786e-01,-9.812652135e-01,-1.391343886e-05,3.886322552e-15,1.000013914e+00
70283,702.830000,6.858035329e-01,-7.516523446e-01,7.215921579e-01,6.670629211e-01,-6.762509955e-05,6.218116084e-15,1.000067630e+00
71756,717.560000,-8.648402530e-01,-5.123655629e-01,4.922235238e-01,-8.645089771e-01,-4.544161750e-05,4.885662637e-15,1.000045444e+00
73260,732.600000,-8.003335760e-01,-6.140847568e-01,5.908045846e-01,-7.959886662e-01,-5.209386871e-05,4.552549275e-15,1.000052097e+00
74796,747.960000,9.217528628e-01,-4.115097589e-01,3.896598214e-01,9.107774546e-01,-5.330950981e-05,3.886322552e-15,1.000053312e+00
76363,763.630000,-8.482206599e-01,-5.492543722e-01,5.253502195e-01,-8.385903267e-01,-5.528867473e-05,3.109058042e-15,1.000055292e+00
77964,779.640000,-8.873390152e-01,-4.842633229e-01,4.610173479e-01,-8.752086171e-01,-5.593771811e-05,1.332453446e-15,1.000055941e+00
79598,795.980000,7.676258662e-01,-6.552867609e-01,6.313624277e-01,7.635713319e-01,-5.302015396e-05,4.219435914e-15,1.000053023e+00
81267,812.670000,-9.316084038e-01,-3.963329933e-01,3.742584150e-01,-9.140424066e-01,-5.869127189e-05,7.106418381e-15,1.000058695e+00
82970,829.700000,-9.172447244e-01,-4.328827973e-01,4.102140057e-01,-8.964739040e-01,-6.198139771e-05,9.882363061e-15,1.000061985e+00
84709,847.090000,8.964560138e-01,-4.421886002e-01,4.266186960e-01,9.049129112e-01,-3.450722437e-05,6.440191658e-15,1.000034508e+00
86485,864.850000,-5.031951294e-01,-8.856545313e-01,8.544556279e-01,-4.831287752e-01,-6.954368912e-05,2.775944680e-15,1.000069549e+00
88297,882.970000,6.089903590e-02,-1.011323457e+00,9.843256928e-01,7.206818939e-02,-6.002195367e-05,-1.998680170e-15,1.000060026e+00
90148,901.480000,-1.657227847e-02,9.893370230e-01,-1.010581468e+00,-3.311825141e-03,-1.362501971e-05,-1.998680170e-15,1.000013625e+00
92038,920.380000,7.017845950e-01,6.891463649e-01,-7.099824374e-01,7.275433702e-01,-6.265328709e-07,-1.110377872e-15,1.000000627e+00
93967,939.670000,-7.821547825e-01,6.355991799e-01,-6.382725802e-01,-7.596642378e-01,-5.036792923e-05,-1.110377872e-15,1.000050370e+00
95937,959.370000,9.156372749e-01,3.584588502e-01,-3.703862039e-01,9.469823437e-01,-6.298490840e-09,-3.109058042e-15,1.000000006e+00
97947,979.470000,6.521090701e-01,7.401880134e-01,-7.537318805e-01,6.777351554e-01,-7.080334367e-06,-4.441511488e-15,1.000007080e+00
100001,1000.010000,-6.470985572e-01,-7.800744707e-01,7.671927955e-01,-6.202965946e-01,-6.069625268e-05,-2.886982467e-15,1.000060700e+00
102097,1020.970000,-9.130195518e-01,-4.472134602e-01,4.399839236e-01,-8.796019875e-01,-6.618037992e-05,-2.220755744e-15,1.000066185e+00
104237,1042.370000,9.251338913e-01,-3.340718379e-01,3.421226945e-01,9.572311600e-01,-6.866166453e-07,-7.106418381e-15,1.000000687e+00
106421,1064.210000,4.288162842e-03,-9.955401507e-01,1.004248045e+00,2.128994846e-02,-2.637769997e-05,-1.276934553e-14,1.000026378e+00
108652,1086.520000,9.574955987e-01,2.398369440e-01,-2.353559289e-01,9.852927782e-01,-8.411940717e-06,-1.332453446e-14,1.000008412e+00
110929,1109.290000,1.251409607e-01,-9.815033214e-01,1.000688998e+00,1.412884296e-01,-1.356700363e-05,-1.798812153e-14,1.000013567e+00
113255,1132.550000,9.871537084e-01,4.042303236e-02,-2.924673613e-02,1.011674570e+00,-1.038937684e-05,-1.376868561e-14,1.000010389e+00
115629,1156.290000,-2.730265350e-01,-9.527044368e-01,9.739265919e-01,-2.636972997e-01,-1.700030060e-05,-1.732189480e-14,1.000017001e+00
118052,1180.520000,8.300765784e-01,-5.301954297e-01,5.528506853e-01,8.514173958e-01,-3.716036524e-06,-2.420623761e-14,1.000003716e+00
120527,1205.270000,-7.336126548e-01,-6.720610029e-01,6.912088359e-01,-7.297121149e-01,-2.507224491e-05,-2.331793531e-14,1.000025073e+00
123053,1230.530000,5.832276448e-01,-7.932051925e-01,8.221233255e-01,5.962475505e-01,-2.801944410e-06,-2.265170859e-14,1.000002802e+00
125632,1256.320000,-8.069428598e-01,-5.767035935e-01,5.986091468e-01,-8.112600432e-01,-1.866048660e-05,-2.431727540e-14,1.000018661e+00
128265,1282.650000,8.110080211e-01,-5.706616652e-01,5.926541190e-01,8.158434216e-01,-1.828233883e-05,-2.587180442e-14,1.000018283e+00
130954,1309.540000,1.400236709e-02,-9.837412713e-01,1.016242788e+00,1.003920544e-02,-1.220795009e-06,-2.975812697e-14,1.000001221e+00
133699,1336.990000,5.233033619e-01,8.738787067e-01,-8.409665599e-01,5.063177400e-01,-6.947767227e-05,-3.175680714e-14,1.000069482e+00
136501,1365.010000,6.216997988e-01,8.069808347e-01,-7.767129482e-01,6.000775338e-01,-6.966031133e-05,-2.864774910e-14,1.000069665e+00
139362,1393.620000,-1.909667691e-01,-9.672713941e-01,9.930796267e-01,-2.057061048e-01,-5.912941047e-06,-2.254067080e-14,1.000005913e+00
142284,1422.840000,8.194900832e-01,-5.840015431e-01,5.903607947e-01,7.993860372e-01,-4.746395372e-05,-1.976472612e-14,1.000047466e+00
145266,1452.660000,-4.268310970e-01,-8.900078570e-01,9.085637670e-01,-4.480265273e-01,-8.388814986e-06,-1.987576391e-14,1.000008389e+00
148311,1483.110000,8.850436571e-01,5.032989735e-01,-4.893692708e-01,8.514399121e-01,-6.872432441e-05,-2.220755744e-14,1.000068729e+00
151419,1514.190000,7.495352563e-01,6.840771056e-01,-6.723625179e-01,7.203300119e-01,-6.288326001e-05,-1.776604595e-14,1.000062887e+00
154593,1545.930000,4.454532245e-01,-9.071017334e-01,8.946150217e-01,4.228361092e-01,-5.538171445e-05,-2.054199063e-14,1.000055385e+00
157834,1578.340000,4.381797940e-01,9.021194157e-01,-9.044647778e-01,4.197484935e-01,-4.101397652e-05,-9.993400849e-15,1.000041016e+00
161142,1611.420000,2.288576336e-01,9.688284942e-01,-9.813822414e-01,2.144104405e-01,-2.626025180e-05,-1.121481651e-14,1.000026261e+00
164520,1645.200000,9.671842851e-01,-3.147172251e-01,2.972022289e-01,9.370767272e-01,-6.693480278e-05,-1.254726995e-14,1.000066939e+00
167968,1679.680000,-7.441058475e-01,6.435522043e-01,-6.680396942e-01,-7.659422775e-01,-1.117768077e-06,-5.107738211e-15,1.000001118e+00
171489,1714.890000,-9.452189696e-01,-3.249228861e-01,3.084599313e-01,-9.517740155e-01,-3.435799033e-05,-3.220095829e-15,1.000034359e+00
175083,1750.830000,-9.283459425e-01,3.488728340e-01,-3.689372696e-01,-9.383876361e-01,-1.844184145e-05,-5.773964935e-15,1.000018442e+00
178753,1787.530000,8.590318030e-01,4.945244765e-01,-5.161943850e-01,8.667779058e-01,-1.732252486e-05,-3.109058042e-15,1.000017323e+00
182500,1825.000000,-1.004090987e+00,-7.553227481e-02,5.790808584e-02,-9.914306857e-01,-4.865806858e-05,3.664246978e-15,1.000048660e+00
186325,1863.250000,-2.956043918e-01,-9.744368045e-01,9.407601750e-01,-2.812854236e-01,-6.897365961e-05,9.216136338e-15,1.000068978e+00
190231,1902.310000,-2.632814560e-01,-9.818384070e-01,9.522334027e-01,-2.465848492e-01,-6.594115412e-05,2.886982467e-15,1.000065946e+00
194218,1942.180000,-1.000909824e+00,-1.824330113e-01,1.696665374e-01,-9.680270341e-01,-6.745139045e-05,-4.330473701e-15,1.000067456e+00
198289,1982.890000,3.921157604e-01,9.081013298e-01,-9.227363306e-01,4.129455450e-01,-1.290681693e-05,-2.886982467e-15,1.000012907e+00
202445,2024.450000,-4.344388884e-01,-9.110210461e-01,9.008698135e-01,-4.123691273e-01,-5.306224042e-05,-1.099274093e-14,1.000053065e+00
206689,2066.890000,8.941032500e-01,4.173608743e-01,-4.189872303e-01,9.227029076e-01,-7.622964305e-06,-7.328493956e-15,1.000007623e+00
211021,2110.210000,-4.902438443e-01,8.894472764e-01,-8.669956376e-01,-4.665303591e-01,-6.434194920e-05,-2.220755744e-15,1.000064346e+00
215444,2154.440000,-1.013411449e+00,4.534919848e-02,-3.262555967e-02,-9.851684654e-01,-6.227163600e-05,-2.886982467e-15,1.000062276e+00
219960,2199.600000,-8.473005363e-01,-5.319424597e-01,5.464233596e-01,-8.370049693e-01,-3.620404665e-05,-1.321349668e-14,1.000036205e+00
224570,2245.700000,-6.920778008e-01,-7.103012581e-01,7.327511580e-01,-6.926771460e-01,-1.840042113e-05,-1.421283676e-14,1.000018401e+00
229277,2292.770000,-6.576701631e-01,-7.363977753e-01,7.629227913e-01,-6.660571265e-01,-8.958194272e-06,-1.177000544e-14,1.000008958e+00
234083,2340.830000,-6.760350482e-01,-7.161820927e-01,7.433450372e-01,-6.915176102e-01,-3.495992687e-06,-1.776604595e-14,1.000003496e+00
238990,2389.900000,-6.534177169e-01,-7.349016207e-01,7.609821781e-01,-6.743213381e-01,-1.796021625e-07,-1.732189480e-14,1.000000180e+00
243999,2439.990000,-5.357290069e-01,-8.258852180e-01,8.486655908e-01,-5.580436656e-01,-2.532294680e-06,-1.221415659e-14,1.000002532e+00
249114,2491.140000,-5.130253844e-02,-9.930755701e-01,1.003297907e+00,-6.841579524e-02,-2.401161481e-05,-7.217456168e-15,1.000024012e+00
254335,2543.350000,7.351275175e-01,-6.981495981e-01,6.879397341e-01,7.067830874e-01,-6.119693098e-05,1.221415659e-15,1.000061201e+00
259666,2596.660000,7.880873444e-01,6.319549957e-01,-6.309471681e-01,7.627712012e-01,-5.464925109e-05,3.664246978e-15,1.000054652e+00
265109,2651.090000,-9.685895838e-01,1.807425874e-01,-1.943396607e-01,-9.960205109e-01,-4.507044261e-06,3.886322552e-15,1.000004507e+00
270666,2706.660000,9.790314018e-01,-2.631759450e-01,2.443000805e-01,9.556043239e-01,-6.114342227e-05,2.009783948e-14,1.000061147e+00
276339,2763.390000,-7.386874600e-01,-6.888101111e-01,6.640509327e-01,-7.343505582e-01,-5.435109440e-05,1.299142110e-14,1.000054354e+00
282131,2821.310000,-9.693747353e-01,2.419632396e-01,-2.595003510e-01,-9.666756988e-01,-3.358201242e-05,1.132585430e-14,1.000033583e+00
288045,2880.450000,-1.004045442e+00,-1.218375702e-01,1.049696293e-01,-9.830942503e-01,-5.689481213e-05,1.665566808e-14,1.000056898e+00
294083,2940.830000,3.515871643e-01,-9.429094991e-01,9.250806937e-01,3.629062285e-01,-4.752938427e-05,1.821019710e-14,1.000047532e+00
300247,3002.470000,-7.043652607e-01,7.223095183e-01,-7.205440359e-01,-6.806194975e-01,-5.230161995e-05,9.105098551e-15,1.000052304e+00
306540,3065.400000,2.020749761e-01,9.780794428e-01,-9.768527886e-01,2.198239234e-01,-3.282359464e-05,1.065962757e-14,1.000032825e+00
312965,3129.650000,-7.236081845e-01,7.159994773e-01,-6.944658557e-01,-6.946070627e-01,-6.843161121e-05,9.549249700e-15,1.000068436e+00
319525,3195.250000,7.400184502e-01,-6.478942335e-01,6.719651581e-01,7.628163786e-01,-5.920156554e-07,8.883022977e-15,1.000000592e+00
326223,3262.230000,1.379127225e-01,-9.737086281e-01,1.006361007e+00,1.447158002e-01,-2.868157611e-07,-1.332453446e-15,1.000000287e+00
333061,3330.610000,9.285950166e-01,3.979698477e-01,-3.760840175e-01,9.155664536e-01,-5.484756509e-05,5.551889360e-15,1.000054851e+00
340042,3400.420000,1.738587720e-01,-9.727120352e-01,9.982575062e-01,1.659016361e-01,-1.070779092e-05,1.232519438e-14,1.000010708e+00
347169,3471.690000,9.652805606e-01,-3.059041781e-01,3.109609104e-01,9.372780728e-01,-5.901808557e-05,2.664906893e-14,1.000059022e+00
354446,3544.460000,-7.154761537e-01,-6.799239769e-01,6.898398297e-01,-7.419141814e-01,-8.282072527e-06,2.775944680e-14,1.000008282e+00
361875,3618.750000,3.737817747e-01,-9.414090068e-01,9.222576772e-01,3.521810594e-01,-5.956455165e-05,4.408200152e-14,1.000059568e+00
369461,3694.610000,-9.066986340e-01,-4.107074742e-01,3.990660280e-01,-9.219834613e-01,-2.603217951e-05,3.808596101e-14,1.000026033e+00
377205,3772.050000,7.946393510e-01,-6.315875147e-01,6.045428623e-01,7.777601506e-01,-6.339337966e-05,3.308926059e-14,1.000063397e+00
385111,3851.110000,5.658377105e-01,-8.400467793e-01,8.114681784e-01,5.623331737e-01,-5.946518607e-05,1.843227268e-14,1.000059469e+00
393183,3931.830000,-9.824748626e-01,2.311915130e-01,-2.420497058e-01,-9.607377690e-01,-5.307122049e-05,1.732189480e-14,1.000053074e+00
401425,4014.250000,6.429102802e-02,-1.003296283e+00,9.914050116e-01,8.068905027e-02,-4.569575840e-05,1.310245889e-14,1.000045698e+00
409839,4098.390000,2.201631169e-01,-9.689131063e-01,9.776780952e-01,2.388021472e-01,-2.237692214e-05,1.454595012e-14,1.000022377e+00
418429,4184.290000,-9.169580158e-01,-4.185909955e-01,4.266647572e-01,-8.956380834e-01,-5.062385608e-05,1.865434825e-14,1.000050626e+00
427200,4272.000000,5.009058288e-01,8.803684163e-01,-8.515415261e-01,4.994756821e-01,-5.955703635e-05,1.499010127e-14,1.000059561e+00
436154,4361.540000,-8.754854175e-01,-4.600927308e-01,4.819933486e-01,-8.887628437e-01,-1.264193934e-05,2.498350212e-14,1.000012642e+00
445296,4452.960000,7.384971561e-01,-6.771391367e-01,6.874614316e-01,7.235688053e-01,-3.915184458e-05,2.731529565e-14,1.000039153e+00
454630,4546.300000,8.701991871e-01,5.274078979e-01,-5.146857047e-01,8.370626524e-01,-6.770788830e-05,2.143029293e-14,1.000067712e+00
464159,4641.590000,4.173919422e-02,9.935518216e-01,-1.005272408e+00,2.564288080e-02,-2.407018990e-05,2.265170859e-14,1.000024071e+00
473888,4738.880000,-8.246971844e-01,5.383463556e-01,-5.611392811e-01,-8.460963266e-01,-3.498338014e-06,1.709981923e-14,1.000003498e+00
483821,4838.210000,-8.027924221e-01,-6.167206729e-01,5.909948245e-01,-7.914646451e-01,-5.855504225e-05,1.687774366e-14,1.000058558e+00
493963,4939.630000,7.122573969e-01,-7.055241013e-01,6.893270300e-01,7.209805250e-01,-4.029432910e-05,1.865434825e-14,1.000040296e+00
504316,5043.160000,-1.595537668e-01,9.862400625e-01,-9.907740630e-01,-1.423938270e-01,-3.347565541e-05,3.952945225e-14,1.000033477e+00
514887,5148.870000,4.868013224e-01,-8.584334519e-01,8.759980193e-01,5.091903623e-01,-7.926899548e-06,4.152813242e-14,1.000007927e+00
525680,5256.800000,-7.580795613e-01,-6.477841756e-01,6.646117033e-01,-7.510235469e-01,-2.963684586e-05,2.098614178e-14,1.000029638e+00
536698,5366.980000,-6.042492842e-01,-7.782227706e-01,8.066208749e-01,-6.158547853e-01,-4.410151373e-06,2.442831319e-14,1.000004410e+00
547948,5479.480000,1.014151321e+00,-1.565888445e-02,2.684079049e-02,9.854942036e-01,-6.200114371e-05,2.487246433e-14,1.000062005e+00
559433,5594.330000,-3.535231558e-01,-9.296773176e-01,9.337042385e-01,-3.728663632e-01,-2.447641682e-05,2.942501361e-14,1.000024477e+00
571159,5711.590000,2.516473046e-01,-9.840288946e-01,9.561445154e-01,2.344023309e-01,-6.449981189e-05,2.576076663e-14,1.000064504e+00
583131,5831.310000,-5.581845144e-01,8.121229854e-01,-8.410372741e-01,-5.676166844e-01,-4.823061458e-06,1.310245889e-14,1.000004823e+00
595354,5953.540000,-8.523638597e-01,5.278428241e-01,-5.400686379e-01,-8.385963131e-01,-4.035937864e-05,7.994720679e-15,1.000040361e+00
607833,6078.330000,9.704404443e-01,1.585312202e-01,-1.635578167e-01,1.003597419e+00,-9.101752019e-09,1.054858978e-14,1.000000009e+00
620573,6205.730000,-3.812128584e-02,1.011319839e+00,-9.877837986e-01,-2.348276841e-02,-5.802426456e-05,1.376868561e-14,1.000058028e+00
633581,6335.810000,5.566924708e-01,8.480369385e-01,-8.176852482e-01,5.504533774e-01,-6.228365715e-05,1.132585430e-14,1.000062288e+00
646861,6468.610000,1.652442023e-01,-9.754945650e-01,9.986486586e-01,1.554318164e-01,-1.344328460e-05,1.310245889e-14,1.000013443e+00
660420,6604.200000,4.736787623e-01,8.915834635e-01,-8.818057741e-01,4.510590638e-01,-5.360354341e-05,1.265830774e-14,1.000053606e+00
674263,6742.630000,-8.618815670e-01,4.751211644e-01,-4.953406323e-01,-8.870287480e-01,-1.948743977e-06,1.932057497e-14,1.000001949e+00
688396,6883.960000,-9.385413386e-01,-3.712718966e-01,3.499454529e-01,-9.269017757e-01,-5.306785126e-05,3.064642927e-14,1.000053071e+00
702825,7028.250000,-6.194817472e-01,-8.072493610e-01,7.833639701e-01,-5.932224519e-01,-6.771080267e-05,2.742633344e-14,1.000067715e+00
717557,7175.570000,7.159856337e-02,-9.908134074e-01,1.002725892e+00,8.863707362e-02,-2.192950880e-05,1.454595012e-14,1.000021930e+00
732597,7325.970000,9.697745587e-01,-2.102782924e-01,2.287493197e-01,9.814234869e-01,-1.965422442e-05,2.609387999e-14,1.000019655e+00
747953,7479.530000,-3.509133045e-01,9.471697935e-01,-9.229743200e-01,-3.580575246e-01,-5.448858871e-05,2.531661548e-14,1.000054492e+00
763630,7636.300000,6.986226664e-01,-7.347320528e-01,7.230067375e-01,6.708117892e-01,-6.126633724e-05,2.354001089e-14,1.000061270e+00
779637,7796.370000,-1.770972104e-01,-9.989214975e-01,9.684543598e-01,-1.832364601e-01,-6.240037122e-05,1.709981923e-14,1.000062404e+00
795978,7959.780000,8.100626161e-01,-5.917903948e-01,5.737522172e-01,8.151462381e-01,-4.158743496e-05,1.199208102e-14,1.000041589e+00
812662,8126.620000,-1.012968191e+00,-1.080384090e-01,1.050840548e-01,-9.758523911e-01,-6.970056829e-05,7.106418381e-15,1.000069705e+00
829696,8296.960000,-7.315545672e-01,-6.781939762e-01,6.942266989e-01,-7.231725475e-01,-3.045702700e-05,4.441511488e-15,1.000030458e+00
847087,8470.870000,-2.700489489e-01,9.768721618e-01,-9.475557972e-01,-2.748378233e-01,-6.065504155e-05,3.886322552e-15,1.000060659e+00
864843,8648.430000,-7.278475599e-01,-6.684399356e-01,6.752291693e-01,-7.536061575e-01,-1.090410776e-05,-3.664246978e-15,1.000010904e+00
882970,8829.700000,-6.346353878e-01,-7.842123688e-01,7.604903551e-01,-6.357581222e-01,-5.220089648e-05,-1.943161276e-14,1.000052204e+00
901478,9014.780000,-9.902738604e-01,1.972656743e-01,-2.084736698e-01,-9.681522300e-01,-5.384227606e-05,-1.987576391e-14,1.000053845e+00
920374,9203.740000,4.741072136e-01,8.778240100e-01,-8.734943095e-01,4.916319794e-01,-3.069283534e-05,-2.242963302e-14,1.000030694e+00
939665,9396.650000,3.850944545e-01,-9.058559367e-01,9.371807156e-01,3.918774433e-01,-2.282582855e-06,-1.843227268e-14,1.000002283e+00
959361,9593.610000,-9.846724939e-01,-4.980567372e-03,1.212509468e-02,-1.015363140e+00,-3.115324001e-06,-5.329813786e-15,1.000003115e+00
979470,9794.700000,-3.994267615e-01,8.994721481e-01,-9.262423885e-01,-4.174264984e-01,-1.962352830e-06,-6.995380594e-15,1.000001962e+00
1000000,10000.000000,-5.467424591e-01,8.288637411e-01,-8.493294732e-01,-5.411727876e-01,-2.098839291e-05,7.994720679e-15,1.000020989e+00
1020961,10209.610000,-5.602146141e-01,-8.362715192e-01,8.345922075e-01,-5.389271261e-01,-4.799446526e-05,9.327174125e-15,1.000047997e+00
1042361,10423.610000,-6.717551835e-01,7.596739370e-01,-7.307812791e-01,-6.620046482e-01,-6.166288270e-05,-2.331793531e-15,1.000061667e+00
1064210,10642.100000,-9.110786565e-01,-3.705544143e-01,3.801867668e-01,-9.428172359e-01,-5.698104135e-07,1.443491234e-14,1.000000570e+00
1086516,10865.160000,-3.951346366e-01,9.004156029e-01,-9.311769511e-01,-4.085045312e-01,-8.613643132e-10,9.216136338e-15,1.000000001e+00
1109290,11092.900000,-6.314711968e-02,-1.009323639e+00,9.876550562e-01,-4.745980957e-02,-5.668960230e-05,-8.105758466e-15,1.000056693e+00
1132542,11325.420000,9.373622288e-01,-3.053467842e-01,3.229745061e-01,9.614653661e-01,-5.690929970e-06,2.220755744e-16,1.000005691e+00
1156281,11562.810000,1.009043057e+00,1.038702407e-01,-8.948722611e-02,9.816880251e-01,-6.218267687e-05,1.665566808e-15,1.000062187e+00
1180517,11805.170000,9.843343213e-01,2.329912936e-01,-2.414280568e-01,9.586274598e-01,-5.711539409e-05,6.662267232e-15,1.000057119e+00
1205261,12052.610000,6.107887780e-01,7.706002420e-01,-7.971310130e-01,6.313003899e-01,-1.009145745e-08,-1.554529021e-15,1.000000010e+00
1230525,12305.250000,-9.393044571e-01,3.930132680e-01,-3.751160974e-01,-9.075171905e-01,-6.884206635e-05,1.132585430e-14,1.000068847e+00
1256317,12563.170000,1.010519770e+00,6.470107791e-02,-4.983741872e-02,9.862607743e-01,-5.901147062e-05,7.883682892e-15,1.000059015e+00
1282650,12826.500000,1.001665135e+00,-1.704060626e-01,1.559220592e-01,9.716725155e-01,-6.512746686e-05,8.327834040e-15,1.000065132e+00
1309536,13095.360000,-9.972950857e-01,1.683483782e-01,-1.785778326e-01,-9.724275901e-01,-5.688323232e-05,3.242303386e-14,1.000056886e+00
1336984,13369.840000,-9.133151362e-01,-4.179292413e-01,4.300027049e-01,-8.979921700e-01,-4.387238936e-05,4.030671676e-14,1.000043874e+00
1365008,13650.080000,-8.864643963e-01,4.415765244e-01,-4.373356891e-01,-9.100685544e-01,-1.551631939e-05,3.331133616e-14,1.000015517e+00
1393620,13936.200000,5.521411929e-01,8.210551024e-01,-8.461376595e-01,5.526392644e-01,-1.354780692e-05,4.519237939e-14,1.000013548e+00
1422831,14228.310000,6.620852906e-01,-7.354876321e-01,7.417535812e-01,6.861804162e-01,-1.388211829e-05,3.964049003e-14,1.000013882e+00
1452654,14526.540000,-3.460019083e-01,-9.205760187e-01,9.525140875e-01,-3.554862443e-01,-3.432328077e-07,1.199208102e-14,1.000000343e+00
1483103,14831.030000,1.391511332e-01,-1.002286194e+00,9.806200855e-01,1.221590630e-01,-5.777532668e-05,1.598944136e-14,1.000057779e+00
1514190,15141.900000,2.075212349e-01,9.650060199e-01,-9.879896429e-01,2.238064568e-01,-8.392049517e-06,-2.775944680e-15,1.000008392e+00
1545928,15459.280000,5.241694849e-01,8.665001089e-01,-8.379514723e-01,5.223033983e-01,-5.922295002e-05,2.653803114e-14,1.000059226e+00
1578332,15783.320000,7.567661315e-02,-1.001619625e+00,9.938838976e-01,5.770512950e-02,-4.402381569e-05,2.054199063e-14,1.000044026e+00
1611415,16114.150000,6.557279406e-01,7.328951725e-01,-7.591081813e-01,6.763686528e-01,-2.707946978e-07,1.943161276e-14,1.000000271e+00
1645191,16451.910000,-9.165280594e-01,4.352464169e-01,-4.126002216e-01,-8.949838129e-01,-6.262206056e-05,1.365764783e-14,1.000062626e+00
1679675,16796.750000,3.533547554e-01,-9.449680914e-01,9.338161966e-01,3.323403305e-01,-5.226768427e-05,-8.994060764e-15,1.000052270e+00
1714882,17148.820000,-7.975793978e-01,6.064834918e-01,-6.180953313e-01,-7.836159412e-01,-3.920978437e-05,5.551889360e-15,1.000039211e+00
1750828,17508.280000,-6.341703495e-01,7.946945558e-01,-7.636128681e-01,-6.197412991e-01,-6.627136611e-05,1.243623217e-14,1.000066276e+00
1787526,17875.260000,5.508989569e-01,-8.542732079e-01,8.312583963e-01,5.259381323e-01,-6.589732537e-05,2.953605140e-14,1.000065902e+00
1824994,18249.940000,9.835864369e-01,3.027572420e-02,-3.646001003e-02,1.015423408e+00,-1.696368088e-06,6.728889905e-14,1.000001696e+00
1863247,18632.470000,1.003607526e+00,1.181476760e-01,-1.009605477e-01,9.843811111e-01,-5.531411182e-05,7.561673309e-14,1.000055317e+00
1902302,19023.020000,9.905588100e-01,1.551040445e-01,-1.716941682e-01,9.825061123e-01,-4.047701050e-05,5.685134705e-14,1.000040479e+00
1942175,19421.750000,1.846510132e-01,9.913436017e-01,-9.718406153e-01,1.973050067e-01,-5.138396876e-05,4.852351301e-14,1.000051387e+00
1982884,19828.840000,3.167112285e-02,-1.000822953e+00,9.985997140e-01,1.386216600e-02,-3.793842944e-05,5.229879777e-14,1.000037940e+00
2024447,20244.470000,3.464546544e-01,-9.429217472e-01,9.282850340e-01,3.595287218e-01,-4.417892247e-05,3.553209191e-14,1.000044181e+00
2066881,20668.810000,-8.971679165e-01,-4.111837727e-01,4.319975145e-01,-9.164730061e-01,-8.036934221e-06,3.353341174e-14,1.000008037e+00
2110204,21102.040000,2.531310219e-01,9.506834362e-01,-9.832034361e-01,2.573581208e-01,-1.142220914e-06,2.265170859e-14,1.000001142e+00
2154435,21544.350000,8.622208317e-01,-4.803917098e-01,5.026743033e-01,8.795658250e-01,-8.280089832e-06,2.775944680e-14,1.000008280e+00
2199594,21995.940000,7.764474426e-01,-6.593028319e-01,6.336858047e-01,7.496575657e-01,-6.951152922e-05,3.786388544e-14,1.000069516e+00
2245698,22456.980000,-3.284043120e-01,9.597373920e-01,-9.363362676e-01,-3.082286501e-01,-6.217254169e-05,5.707342262e-14,1.000062176e+00
2292770,22927.700000,-6.880329019e-01,7.053761432e-01,-7.204876387e-01,-7.145672135e-01,-4.632484905e-06,5.785068713e-14,1.000004633e+00
2340828,23408.280000,-3.366127290e-01,9.509798537e-01,-9.396140896e-01,-3.158124060e-01,-5.212756507e-05,6.129285854e-14,1.000052130e+00
2389893,23898.930000,-1.449868095e-01,9.872007838e-01,-9.888962824e-01,-1.629207528e-01,-3.092883030e-05,6.018248067e-14,1.000030930e+00
2439987,24399.870000,-9.961997324e-01,-2.116519942e-01,2.071914616e-01,-9.596550051e-01,-6.922646078e-05,8.694258738e-14,1.000069231e+00
2491131,24911.310000,-1.253557082e-01,9.907206086e-01,-9.911112643e-01,-1.431621311e-01,-3.259121165e-05,1.001560841e-13,1.000032592e+00
2543346,25433.460000,-2.698166295e-01,-9.672173073e-01,9.637886724e-01,-2.507905495e-01,-4.339769948e-05,1.180331678e-13,1.000043400e+00
2596656,25966.560000,8.882977460e-01,4.890989036e-01,-4.859759641e-01,8.580121221e-01,-6.160285076e-05,9.593664815e-14,1.000061607e+00
2651084,26510.840000,-7.554716590e-01,-6.667121556e-01,6.688810808e-01,-7.331967936e-01,-4.989770181e-05,7.706022432e-14,1.000049900e+00
2706653,27066.530000,-9.316623437e-01,-3.426460102e-01,3.328649565e-01,-9.507797562e-01,-2.041731303e-05,9.016268321e-14,1.000020418e+00
2763386,27633.860000,7.681945623e-01,6.478298521e-01,-6.282679993e-01,7.717443072e-01,-4.481756009e-05,9.604768593e-14,1.000044820e+00
2821308,28213.080000,-9.728671096e-01,-2.509235342e-01,2.318055794e-01,-9.679585842e-01,-4.446409815e-05,1.008223108e-13,1.000044466e+00
2880445,28804.450000,8.254168717e-01,5.938356380e-01,-5.678581758e-01,8.028017670e-01,-6.647746758e-05,1.128143918e-13,1.000066482e+00
2940821,29408.210000,9.664486654e-01,1.855050564e-01,-1.967599874e-01,9.968047008e-01,-1.783450387e-06,9.715806381e-14,1.000001783e+00
3002462,30024.620000,-7.858651568e-01,-6.001592029e-01,6.033611440e-01,-8.115231940e-01,-1.222133527e-05,9.149513666e-14,1.000012221e+00
3065396,30653.960000,8.581056483e-01,5.109267223e-01,-4.970473885e-01,8.692469904e-01,-3.274132529e-05,1.278044931e-13,1.000032742e+00
3129649,31296.490000,-1.169553111e-01,-1.011970652e+00,9.751372748e-01,-1.115831492e-01,-6.968910669e-05,1.029320287e-13,1.000069694e+00
3195248,31952.480000,4.903303891e-01,-8.729664178e-01,8.793568410e-01,4.735818113e-01,-3.778660694e-05,9.782429053e-14,1.000037788e+00
3262223,32622.230000,-5.624157003e-01,-8.294312784e-01,8.357155339e-01,-5.453118422e-01,-3.951305449e-05,1.019326887e-13,1.000039515e+00
3330601,33306.010000,-9.996211258e-01,-7.680798311e-02,5.881360478e-02,-9.957204437e-01,-4.035905537e-05,8.216796253e-14,1.000040361e+00
3400412,34004.120000,-4.954803067e-01,-8.536906331e-01,8.705352661e-01,-5.180685072e-01,-8.377324703e-06,9.005164542e-14,1.000008377e+00
3471687,34716.870000,-9.363511033e-01,3.957963672e-01,-3.752247281e-01,-9.092187301e-01,-6.601306440e-05,8.649843623e-14,1.000066017e+00
3544456,35444.560000,6.521895480e-01,7.359128779e-01,-7.615586605e-01,6.737607511e-01,-4.609349147e-08,6.351361428e-14,1.000000046e+00
3618750,36187.500000,9.511702971e-01,3.449991939e-01,-3.500390870e-01,9.242270759e-01,-5.760533489e-05,5.718446041e-14,1.000057609e+00
3694602,36946.020000,-9.580606218e-01,-2.431272847e-01,2.610700629e-01,-9.773779116e-01,-1.136226680e-05,3.131265599e-14,1.000011362e+00
3772043,37720.430000,7.777452735e-01,-6.017014287e-01,6.214013748e-01,8.048425000e-01,-6.144349385e-08,-1.121481651e-14,1.000000061e+00
3851108,38511.080000,-9.927613804e-01,1.891326165e-01,-1.996631048e-01,-9.691127786e-01,-5.545736800e-05,3.553209191e-15,1.000055460e+00
3931829,39318.290000,-8.821212722e-01,-4.714246788e-01,4.555406254e-01,-8.900221285e-01,-3.570944096e-05,1.021547642e-14,1.000035711e+00
4014243,40142.430000,-8.354767360e-01,-5.213045880e-01,5.313660208e-01,-8.652030268e-01,-3.314127801e-06,-3.020227812e-14,1.000003314e+00
4098384,40983.840000,5.907092492e-01,-7.957209373e-01,8.189176635e-01,5.895127171e-01,-1.691454006e-05,-1.621151693e-14,1.000016915e+00
4184289,41842.890000,-1.899726741e-01,-9.703637070e-01,9.948584009e-01,-1.815316840e-01,-1.213407464e-05,-5.951625394e-14,1.000012134e+00
4271994,42719.940000,-9.134766388e-01,-4.452399853e-01,4.391845801e-01,-8.805020020e-01,-6.539004656e-05,-1.050417467e-13,1.000065394e+00
4361538,43615.380000,2.297239637e-01,-9.818169204e-01,9.618653969e-01,2.415282348e-01,-5.127341994e-05,-1.097053338e-13,1.000051276e+00
4452959,44529.590000,7.379641732e-03,-1.018038098e+00,9.820582984e-01,1.189529463e-02,-6.859310436e-05,-1.181442056e-13,1.000068598e+00
4546296,45462.960000,5.748649712e-01,-8.397041695e-01,8.073110268e-01,5.600586679e-01,-6.784900323e-05,-1.326901557e-13,1.000067854e+00
4641589,46415.890000,-9.803561482e-01,1.264763105e-01,-1.420114827e-01,-1.001574233e+00,-1.147573573e-05,-1.518996929e-13,1.000011476e+00
4738880,47388.800000,9.579083209e-01,3.223553174e-01,-3.294771847e-01,9.329199918e-01,-5.559659941e-05,-1.693326255e-13,1.000055600e+00
4838210,48382.100000,1.016381003e+00,-2.148922717e-02,1.248246652e-02,9.834818867e-01,-6.608461309e-05,-1.725527213e-13,1.000066089e+00
4939622,49396.220000,-6.986321269e-02,-1.005600813e+00,9.883942684e-01,-8.488681494e-02,-5.070060722e-05,-1.844337645e-13,1.000050703e+00
5043160,50431.600000,-2.831658831e-01,-9.656712238e-01,9.486879371e-01,-2.957273774e-01,-4.754056318e-05,-2.069744354e-13,1.000047543e+00
5148868,51488.680000,-4.953031409e-01,8.497921084e-01,-8.765714891e-01,-5.147494339e-01,-6.810180118e-07,-2.398416204e-13,1.000000681e+00
5256792,52567.920000,8.233473305e-01,5.605396548e-01,-5.790641932e-01,8.201546022e-01,-2.739096769e-05,-2.568304018e-13,1.000027392e+00
5366977,53669.770000,-9.512853979e-01,3.040477776e-01,-3.215897582e-01,-9.482768221e-01,-3.273886419e-05,-2.216314233e-13,1.000032740e+00
5479473,54794.730000,6.503610678e-01,-7.605577616e-01,7.478456214e-01,6.628329627e-01,-3.673175199e-05,-2.167457606e-13,1.000036733e+00
5594326,55943.260000,4.465632624e-01,-8.848897001e-01,8.938588705e-01,4.677815105e-01,-1.727803178e-05,-2.279605771e-13,1.000017278e+00
5711587,57115.870000,5.127032298e-01,-8.390772430e-01,8.680966182e-01,5.294689256e-01,-4.178194879e-08,-2.527220037e-13,1.000000042e+00
5831306,58313.060000,-7.553535694e-01,6.592331525e-01,-6.424736940e-01,-7.629812183e-01,-4.036436939e-05,-2.220755744e-13,1.000040366e+00
5953534,59535.340000,1.017869210e+00,-1.504959979e-03,-3.952199395e-03,9.823133298e-01,-6.825979831e-05,-2.179671763e-13,1.000068264e+00
6078324,60783.240000,3.294765015e-01,9.267306014e-01,-9.588682394e-01,3.376508024e-01,-5.806880989e-07,-2.397305826e-13,1.000000581e+00
6205729,62057.290000,-1.017864155e+00,-3.028599360e-02,3.300853123e-02,-9.813302139e-01,-6.902034561e-05,-2.232969901e-13,1.000069025e+00
6335805,63358.050000,-9.906689438e-01,1.036105883e-01,-8.739057861e-02,-1.000138303e+00,-2.744686984e-05,-2.040874529e-13,1.000027448e+00
6468608,64686.080000,-2.538872625e-01,-9.762897694e-01,9.552851203e-01,-2.647846719e-01,-5.206329539e-05,-2.145250049e-13,1.000052066e+00
6604194,66041.940000,-2.677155945e-01,-9.745982414e-01,9.578378270e-01,-2.478506479e-01,-5.560743753e-05,-2.190775542e-13,1.000055611e+00
6742623,67426.230000,7.691453377e-01,6.648240215e-01,-6.369083304e-01,7.494403977e-01,-6.615564330e-05,-2.063082086e-13,1.000066160e+00
6883953,68839.530000,-9.893107567e-01,9.318271906e-02,-1.105532901e-01,-1.000250813e+00,-2.253853420e-05,-2.485025678e-13,1.000022539e+00
7028245,70282.450000,-9.126365875e-01,4.510062736e-01,-4.306469792e-01,-8.827566931e-01,-6.847212327e-05,-2.422844517e-13,1.000068477e+00
7175561,71755.610000,-8.665923809e-01,-4.790948506e-01,4.761135346e-01,-8.905651834e-01,-1.519823563e-05,-2.154133072e-13,1.000015198e+00
7325966,73259.660000,-9.249221582e-01,-4.162241771e-01,4.151577334e-01,-8.941961786e-01,-6.197979985e-05,-2.288488794e-13,1.000061984e+00
7479523,74795.230000,9.838004219e-01,2.516496762e-01,-2.538035446e-01,9.514032975e-01,-6.411435217e-05,-2.495019079e-13,1.000064118e+00
7636299,76362.990000,-5.592841148e-01,-8.292822872e-01,8.386620065e-01,-5.442189225e-01,-3.583636542e-05,-2.711542764e-13,1.000035838e+00
7796361,77963.610000,8.479392928e-01,5.290370827e-01,-5.445684721e-01,8.394039945e-01,-3.422639537e-05,-2.668238027e-13,1.000034228e+00
7959778,79597.780000,9.809517425e-01,2.317951245e-01,-2.123423937e-01,9.691002855e-01,-5.059153882e-05,-2.393974692e-13,1.000050594e+00
8126620,81266.200000,4.451033999e-01,8.801861343e-01,-9.000863423e-01,4.664467337e-01,-6.767423289e-06,-2.753737123e-13,1.000006767e+00
8296959,82969.590000,1.235646085e-01,9.849251262e-01,-1.001396081e+00,1.097432684e-01,-2.035890784e-05,-3.374438353e-13,1.000020359e+00
8470869,84708.690000,9.784627983e-01,-2.205634396e-01,2.363685827e-01,9.685869298e-01,-4.122254426e-05,-2.841456975e-13,1.000041224e+00
8648424,86484.240000,8.433121471e-01,5.176694905e-01,-5.169776643e-01,8.682870083e-01,-1.372794848e-05,-2.579407797e-13,1.000013728e+00
8829700,88297.000000,-6.913297129e-01,7.169970526e-01,-7.345303886e-01,-6.844844259e-01,-2.730491899e-05,-2.482804922e-13,1.000027306e+00
9014777,90147.770000,-7.574768071e-01,-6.571367144e-01,6.400788842e-01,-7.646982784e-01,-4.080087660e-05,-2.510564369e-13,1.000040803e+00
9203732,92037.320000,-8.651961849e-01,-4.731957843e-01,4.779366438e-01,-8.942514469e-01,-6.357622854e-06,-2.064192464e-13,1.000006358e+00
9396649,93966.490000,7.841588731e-01,6.500888628e-01,-6.282619252e-01,7.542278549e-01,-6.948626398e-05,-2.125263247e-13,1.000069491e+00
9593609,95936.090000,1.001522955e+00,1.528309350e-01,-1.362169466e-01,9.775536119e-01,-5.995315597e-05,-2.461707742e-13,1.000059957e+00
9794697,97946.970000,5.806830686e-01,8.368416870e-01,-8.051251591e-01,5.615769884e-01,-6.946631543e-05,-2.202989698e-13,1.000069471e+00
10000001,100000.010000,-7.408015106e-01,6.766859620e-01,-6.591411055e-01,-7.476078332e-01,-4.184988515e-05,-2.472811521e-13,1.000041852e+00
10209607,102096.070000,-8.504089248e-01,-4.937215068e-01,5.115622913e-01,-8.787434118e-01,-8.897559800e-08,-2.529440793e-13,1.000000089e+00
10423607,104236.070000,-5.033390664e-01,-8.557122933e-01,8.600735818e-01,-5.242688792e-01,-2.062077119e-05,-2.175230251e-13,1.000020621e+00
10642093,106420.930000,-9.628313131e-01,-2.517681468e-01,2.378600350e-01,-9.762613163e-01,-2.566944414e-05,-2.177451007e-13,1.000025670e+00
10865158,108651.580000,6.388174658e-01,7.475685888e-01,-7.737458088e-01,6.597072019e-01,-7.780488964e-08,-1.141468452e-13,1.000000078e+00
11092899,110928.990000,-9.356702202e-01,4.022431983e-01,-3.849286138e-01,-9.031233551e-01,-6.928334179e-05,-1.419062920e-13,1.000069288e+00
11325414,113254.140000,-8.218099219e-01,5.646131210e-01,-5.535414630e-01,-8.363537041e-01,-2.948523959e-05,-8.838607862e-14,1.000029486e+00
11562802,115628.020000,9.675332483e-01,2.537030728e-01,-2.706990031e-01,9.624303640e-01,-3.581467141e-05,-1.222526037e-13,1.000035816e+00
11805166,118051.660000,-7.254793798e-01,7.148293290e-01,-6.911575379e-01,-6.971953722e-01,-6.930256874e-05,-1.074845780e-13,1.000069307e+00
12052610,120526.100000,-8.986632726e-01,4.001961312e-01,-4.098050000e-01,-9.301127521e-01,-1.002868230e-06,-7.272975062e-14,1.000001003e+00
12305241,123052.410000,-3.011336658e-01,9.615467034e-01,-9.518582756e-01,-2.809528390e-01,-4.990787675e-05,-1.069293891e-13,1.000049910e+00
12563167,125631.670000,1.002471321e+00,1.688394623e-01,-1.715772669e-01,9.684980627e-01,-6.605341764e-05,-1.114819384e-13,1.000066058e+00
12826499,128264.990000,-1.268014540e-02,-9.872263929e-01,1.012776869e+00,-1.615885334e-03,-8.919398198e-06,-6.351361428e-14,1.000008919e+00
13095351,130953.510000,-8.125788852e-01,-6.071269163e-01,5.807498127e-01,-7.965647571e-01,-6.212237964e-05,-9.238343896e-14,1.000062126e+00
13369838,133698.380000,-1.635924968e-01,-9.826090244e-01,9.872988432e-01,-1.817430059e-01,-2.757268758e-05,-2.197437809e-13,1.000027573e+00
13650079,136500.790000,-3.038526685e-01,9.718065997e-01,-9.359662015e-01,-2.971256235e-01,-6.882713323e-05,-1.974251857e-13,1.000068832e+00
13936193,139361.930000,-1.000847774e+00,-1.768843243e-01,1.798300518e-01,-9.672314344e-01,-6.565156577e-05,-1.576736578e-13,1.000065656e+00
14228305,142283.050000,-5.612177890e-01,-8.472367734e-01,8.251636071e-01,-5.358910554e-01,-6.547324556e-05,-1.299142110e-13,1.000065478e+00
14526540,145265.400000,9.008814680e-01,-4.255853200e-01,4.131072805e-01,9.147131786e-01,-2.800960735e-05,-1.125923162e-13,1.000028010e+00
14831026,148310.260000,-6.707762366e-01,-7.666955451e-01,7.379623553e-01,-6.471131077e-01,-6.968883355e-05,-1.618930937e-13,1.000069694e+00
15141894,151418.940000,8.966541860e-01,4.039587343e-01,-4.197403614e-01,9.260010973e-01,-3.361821321e-07,-1.788818752e-13,1.000000336e+00
15459278,154592.780000,-9.224622983e-01,-4.237826708e-01,4.207648616e-01,-8.906029980e-01,-6.354355776e-05,-1.054858978e-13,1.000063548e+00
15783315,157833.150000,-1.001354502e+00,-5.838425629e-02,7.557583453e-02,-9.941015940e-01,-4.130129806e-05,-1.144799586e-13,1.000041303e+00
16114143,161141.430000,-1.216979970e-01,9.941198761e-01,-9.887712368e-01,-1.388963357e-01,-3.836297245e-05,-2.564972884e-14,1.000038364e+00
16451906,164519.060000,-2.652675499e-01,9.495077392e-01,-9.793039835e-01,-2.638989727e-01,-5.743980907e-06,4.630275727e-14,1.000005744e+00
16796749,167967.490000,9.912276113e-01,9.023786138e-02,-7.425063136e-02,1.001949820e+00,-2.592086129e-05,1.068183513e-13,1.000025922e+00
17148820,171488.200000,8.490628130e-01,-5.609535205e-01,5.365366795e-01,8.231292141e-01,-6.785211453e-05,6.995380594e-14,1.000067857e+00
17508271,175082.710000,-1.007471159e+00,-1.845802279e-02,3.451929774e-02,-9.918133920e-01,-4.998659918e-05,-7.661607317e-15,1.000049989e+00
17875256,178752.560000,-5.748302629e-01,8.055898446e-01,-8.304079840e-01,-5.756348053e-01,-1.399703584e-05,-5.174360884e-14,1.000013997e+00
18249933,182499.330000,1.018220568e+00,-2.352356196e-02,2.559199966e-02,9.813772789e-01,-6.932366566e-05,-3.964049003e-14,1.000069328e+00
18632464,186324.640000,8.706646952e-01,5.092746160e-01,-4.867807892e-01,8.636567554e-01,-5.189620743e-05,3.131265599e-14,1.000051899e+00
19023012,190230.120000,1.344640074e-01,9.981331414e-01,-9.816665546e-01,1.489366835e-01,-4.907235251e-05,3.464378961e-14,1.000049075e+00
19421747,194217.470000,6.773272767e-01,7.204323126e-01,-7.277595781e-01,7.021111445e-01,-1.224303613e-05,4.796832407e-14,1.000012243e+00
19828840,198288.400000,-1.018028538e+00,3.812316326e-02,-3.683581221e-02,-9.807743207e-01,-6.974957628e-05,3.408860067e-14,1.000069754e+00
20244466,202444.660000,8.679823952e-01,4.813888575e-01,-4.748524588e-01,8.885800759e-01,-2.012951234e-05,6.962069258e-14,1.000020130e+00
20668803,206688.030000,-6.028756675e-01,-7.801182675e-01,8.082087413e-01,-6.126671919e-01,-5.869515266e-06,3.719765871e-14,1.000005870e+00
21102035,211020.350000,9.731795084e-01,2.948040749e-01,-2.925840189e-01,9.387842390e-01,-6.650638749e-05,3.464378961e-14,1.000066511e+00
21544347,215443.470000,6.888999089e-01,7.016407916e-01,-7.253802260e-01,7.125914563e-01,-4.594693070e-09,2.331793531e-14,1.000000005e+00
21995931,219959.310000,3.081245537e-01,-9.384898814e-01,9.654509424e-01,3.044048377e-01,-9.945409871e-06,-8.960749428e-14,1.000009946e+00
22456980,224569.800000,9.861614808e-01,-1.060782454e-01,9.258270111e-02,1.003932474e+00,-1.868522276e-05,-1.017106131e-13,1.000018686e+00
22927694,229276.940000,-2.957821632e-01,-9.483949640e-01,9.559995988e-01,-3.150810014e-01,-2.203706242e-05,-2.073075487e-13,1.000022038e+00
23408273,234082.730000,8.814111439e-01,-4.482909715e-01,4.700260193e-01,8.953280543e-01,-1.230365783e-05,-3.167908069e-13,1.000012304e+00
23898926,238989.260000,-4.993432089e-02,-9.968111890e-01,1.001425900e+00,-3.260289157e-02,-3.147208321e-05,-2.857002265e-13,1.000031473e+00
24399863,243998.630000,-1.829008166e-01,9.824518513e-01,-9.868657419e-01,-1.657317378e-01,-3.401078297e-05,-2.865885288e-13,1.000034012e+00
24911301,249113.010000,-5.326285554e-01,-8.596188776e-01,8.480219893e-01,-5.085811339e-01,-5.661458699e-05,-2.351780333e-13,1.000056618e+00
25433458,254334.580000,7.771308263e-01,6.271476391e-01,-6.150820920e-01,7.902315062e-01,-3.259631996e-05,-1.632255472e-13,1.000032597e+00
25966560,259665.600000,5.577894684e-01,-8.256015680e-01,8.411437376e-01,5.475380478e-01,-2.804715271e-05,-1.545645998e-13,1.000028048e+00
26510837,265108.370000,4.785039184e-01,8.636874000e-01,-8.913446376e-01,4.807012104e-01,-9.080337483e-06,-2.109717957e-13,1.000009080e+00
27066521,270665.210000,-8.828499451e-01,5.011437635e-01,-4.770522220e-01,-8.617419116e-01,-6.357863744e-05,-1.910960318e-13,1.000063583e+00
27633853,276338.530000,9.963056984e-01,-9.695047758e-02,7.908663253e-02,9.958721104e-01,-3.732691971e-05,-1.427945943e-13,1.000037328e+00
28213077,282130.770000,-3.741447086e-01,9.257246154e-01,-9.218324705e-01,-3.915531417e-01,-3.229972957e-05,-1.345777981e-13,1.000032301e+00
28804442,288044.420000,7.729986599e-01,-6.216509265e-01,6.436719146e-01,7.758374423e-01,-1.890828685e-05,-2.128594381e-13,1.000018909e+00
29408202,294082.020000,6.187676805e-02,1.016056123e+00,-9.801085541e-01,6.489103678e-02,-6.837666724e-05,-1.098163715e-13,1.000068381e+00
30024618,300246.180000,9.955719278e-01,-1.088393175e-01,1.261152032e-01,9.905203482e-01,-3.828958570e-05,-1.280265686e-13,1.000038291e+00
30653953,306539.530000,-9.839803402e-02,-9.901615764e-01,9.982595306e-01,-1.160827540e-01,-2.532937721e-05,-1.849889535e-13,1.000025330e+00
31296481,312964.810000,1.168929105e-01,9.763895698e-01,-1.009389427e+00,1.223618835e-01,-1.398786513e-07,-1.224746793e-13,1.000000140e+00
31952476,319524.760000,1.916731574e-01,9.997631371e-01,-9.636826812e-01,1.899385663e-01,-6.843234592e-05,-1.757728171e-13,1.000068437e+00
32622221,326222.210000,-1.000287403e+00,-1.439220494e-01,1.262642934e-01,-9.814062704e-01,-5.540536795e-05,-1.622262071e-13,1.000055408e+00
33306004,333060.040000,1.017503075e+00,2.735903322e-02,-3.180419321e-02,9.818057925e-01,-6.826066697e-05,-1.040424066e-13,1.000068265e+00
34004120,340041.200000,-6.753322107e-01,-7.154508422e-01,7.360037502e-01,-7.008195891e-01,-1.221421195e-06,-6.506814330e-14,1.000001221e+00
34716869,347168.690000,-7.044642180e-01,7.037816606e-01,-6.976093542e-01,-7.223871170e-01,-2.685040775e-05,-1.456815768e-13,1.000026851e+00
35444557,354445.570000,-3.927165078e-01,9.056565585e-01,-9.248354241e-01,-4.132173581e-01,-8.545776964e-06,-1.394634607e-13,1.000008546e+00
36187499,361874.990000,-8.620070965e-01,-5.424114013e-01,5.202399183e-01,-8.325644709e-01,-6.927329655e-05,-8.794192747e-14,1.000069278e+00
36946013,369460.130000,-6.412464140e-01,7.750884719e-01,-7.550168865e-01,-6.466401238e-01,-4.684402531e-05,-9.438211913e-14,1.000046846e+00
37720425,377204.250000,8.038797819e-01,-5.771624615e-01,5.781010931e-01,8.287337365e-01,-1.392579631e-05,-2.842567352e-14,1.000013926e+00
38511071,385110.710000,-9.144171398e-01,-4.204881965e-01,3.997934276e-01,-9.095981382e-01,-4.778804472e-05,3.331133616e-15,1.000047790e+00
39318288,393182.880000,-2.599432436e-01,-9.799786835e-01,9.501272024e-01,-2.645044332e-01,-6.128719198e-05,-8.572117172e-14,1.000061291e+00
40142425,401424.250000,3.875154456e-01,-9.391152791e-01,9.061694283e-01,3.841472420e-01,-6.490002256e-05,-2.302923707e-13,1.000064904e+00
40983837,409838.370000,-9.473058134e-01,3.747008672e-01,-3.618342591e-01,-9.123568360e-01,-6.971075916e-05,-3.557650702e-13,1.000069716e+00
41842886,418428.860000,3.825686317e-01,9.319958164e-01,-9.243521567e-01,3.616820377e-01,-4.965052344e-05,-4.289389720e-13,1.000049653e+00
42719940,427199.400000,-2.032400139e-02,-9.883405837e-01,1.011490606e+00,-8.036296683e-03,-1.162460791e-05,-3.745304562e-13,1.000011625e+00
43615378,436153.780000,7.731371207e-01,-6.229180859e-01,6.194623187e-01,7.941492486e-01,-2.080451527e-05,-3.833024414e-13,1.000020805e+00
44529586,445295.860000,-1.014002985e+00,6.414441989e-02,-7.140054564e-02,-9.815361627e-01,-6.508062785e-05,-5.709563018e-13,1.000065085e+00
45462955,454629.550000,-9.050194091e-01,4.672185816e-01,-4.478072262e-01,-8.736129637e-01,-6.934615602e-05,-5.858353653e-13,1.000069351e+00
46415889,464158.890000,8.918952987e-03,-9.978407351e-01,1.002100655e+00,-8.555789443e-03,-3.110936678e-05,-4.754638048e-13,1.000031110e+00
47388797,473887.970000,-9.973005397e-01,-1.986155757e-01,1.996778948e-01,-9.628004468e-01,-6.656478547e-05,-5.414202504e-13,1.000066569e+00
48382097,483820.970000,9.634365134e-01,-2.635053097e-01,2.470759288e-01,9.702297070e-01,-3.299475928e-05,-4.901207927e-13,1.000032996e+00
49396218,493962.180000,-4.277527645e-01,8.893206978e-01,-9.177409947e-01,-4.294407861e-01,-7.904865176e-06,-4.015126385e-13,1.000007905e+00
50431595,504315.950000,9.153417379e-01,-3.673525836e-01,3.682627202e-01,9.445415278e-01,-6.715673483e-06,-3.908530110e-13,1.000006716e+00
51488675,514886.750000,-2.857624172e-01,9.693825258e-01,-9.447998418e-01,-2.939087969e-01,-5.547204544e-05,-4.402648263e-13,1.000055475e+00
52567912,525679.120000,8.712342587e-01,-4.633594416e-01,4.663183624e-01,8.996289131e-01,-7.779419460e-06,-4.241643471e-13,1.000007779e+00
53669770,536697.700000,-9.669317463e-01,2.654705364e-01,-2.809974434e-01,-9.569072552e-01,-4.063872391e-05,-4.439290733e-13,1.000040640e+00
54794724,547947.240000,-7.315554672e-01,-7.089804778e-01,6.827579865e-01,-7.050708866e-01,-6.974225314e-05,-5.102186322e-13,1.000069747e+00
55943258,559432.580000,-1.458235290e-01,1.007033362e+00,-9.733923512e-01,-1.345597196e-01,-6.768674937e-05,-2.863664532e-13,1.000067691e+00
57115865,571158.650000,-4.254894631e-01,8.866588617e-01,-9.176612049e-01,-4.376327080e-01,-3.750370210e-07,-3.334464750e-13,1.000000375e+00
58313052,583130.520000,5.368201609e-01,-8.527992830e-01,8.484091828e-01,5.147679290e-01,-5.008224697e-05,-3.034662724e-13,1.000050085e+00
59535332,595353.320000,9.396736315e-01,-3.892860251e-01,3.829839352e-01,9.053890871e-01,-6.696683327e-05,-3.413301579e-13,1.000066971e+00
60783232,607832.320000,7.436707812e-01,-6.853840305e-01,6.595156604e-01,7.366687755e-01,-5.675723175e-05,-4.507023783e-13,1.000056760e+00
62057289,620572.890000,9.532971412e-01,3.376768723e-01,-3.166469309e-01,9.366819237e-01,-5.676045446e-05,-4.394875618e-13,1.000056764e+00
63358050,633580.500000,7.479084913e-01,-6.386480600e-01,6.582205710e-01,7.748130437e-01,-4.132013605e-07,-4.832364499e-13,1.000000413e+00
64686077,646860.770000,9.847729754e-01,1.207428073e-01,-1.072680163e-01,1.002168752e+00,-1.931170395e-05,-3.692006425e-13,1.000019312e+00
66041940,660419.400000,7.527612295e-01,6.811594138e-01,-6.686055400e-01,7.232487092e-01,-6.362912181e-05,-2.792600348e-13,1.000063633e+00
67426223,674262.230000,9.546927820e-01,2.601782529e-01,-2.525226506e-01,9.784924122e-01,-1.369964019e-05,-1.718864946e-13,1.000013700e+00
68839521,688395.210000,-2.875337955e-01,-9.642414541e-01,9.570859183e-01,-2.677898351e-01,-4.729151316e-05,-4.874558858e-14,1.000047294e+00
70282443,702824.430000,1.970170244e-01,9.963144373e-01,-9.638674328e-01,2.007212647e-01,-6.434425380e-05,-3.531001633e-14,1.000064348e+00
71755610,717556.100000,7.187953981e-02,-1.014715696e+00,9.809345680e-01,6.247734097e-02,-6.720790896e-05,-1.456815768e-13,1.000067212e+00
73259655,732596.550000,-5.060526766e-01,-8.494189612e-01,8.621338213e-01,-5.286954161e-01,-1.203180382e-05,-1.233629816e-13,1.000012032e+00
74795226,747952.260000,-7.565791949e-01,6.290506535e-01,-6.460114963e-01,-7.844341946e-01,-1.419676867e-06,-1.061521246e-13,1.000001420e+00
76362983,763629.830000,-9.846834614e-01,-2.602485172e-01,2.536578826e-01,-9.483722374e-01,-6.932729018e-05,-7.428427964e-14,1.000069332e+00
77963602,779636.020000,6.529429675e-01,-7.784831215e-01,7.480244067e-01,6.394680561e-01,-6.512679997e-05,-7.017588151e-14,1.000065131e+00
79597771,795977.710000,1.320200464e-01,9.746248516e-01,-1.007022518e+00,1.393074272e-01,-5.101360769e-07,1.576736578e-14,1.000000510e+00
81266193,812661.930000,-5.875218985e-01,-7.968667029e-01,8.212213286e-01,-5.879893391e-01,-1.483539557e-05,2.886982467e-15,1.000014836e+00
82969586,829695.860000,-4.087135676e-01,9.163489209e-01,-9.172302435e-01,-3.899004439e-01,-4.189913889e-05,4.374888816e-14,1.000041901e+00
84708683,847086.830000,-1.009646541e+00,-1.182591978e-01,1.227841859e-01,-9.759258774e-01,-6.598172105e-05,1.148130720e-13,1.000065986e+00
86484233,864842.330000,1.183253992e-01,-9.981874134e-01,9.898172494e-01,1.000412882e-01,-4.535849448e-05,2.558310617e-13,1.000045361e+00
88297000,882970.000000,-4.874383022e-01,-8.540873207e-01,8.821405359e-01,-5.055726999e-01,-2.096492682e-07,3.224537340e-13,1.000000210e+00
90147764,901477.640000,1.009847964e+00,1.207013605e-01,-1.240973763e-01,9.752773272e-01,-6.682396891e-05,3.625383752e-13,1.000066828e+00
92037320,920373.200000,7.679396401e-02,-9.838860375e-01,1.009238977e+00,8.964776981e-02,-7.977588517e-06,3.806375345e-13,1.000007978e+00
93966484,939664.840000,9.350247718e-01,3.289857722e-01,-3.207236892e-01,9.564955301e-01,-1.733629465e-05,2.636037068e-13,1.000017337e+00
95936083,959360.830000,7.103380621e-01,7.252035712e-01,-7.110414973e-01,6.816623493e-01,-6.351934029e-05,2.704880496e-13,1.000063523e+00
97946967,979469.670000,-1.000076442e+00,5.490774574e-02,-3.703455764e-02,-9.977507907e-01,-3.844388742e-05,9.382693019e-14,1.000038445e+00
100000000,1000000.000000,2.082792705e-01,-9.759348297e-01,9.835419061e-01,1.919909866e-01,-3.117320126e-05,6.939861700e-14,1.000031174e+00
102096067,1020960.670000,3.451416983e-01,-9.272613961e-01,9.423508394e-01,3.652267778e-01,-1.348810350e-05,7.750437547e-14,1.000013488e+00
104236068,1042360.680000,-8.875990305e-01,-4.785608743e-01,4.846584420e-01,-8.651676614e-01,-5.137885027e-05,1.252506240e-13,1.000051381e+00
106420925,1064209.250000,-3.062625572e-01,9.387212313e-01,-9.590875677e-01,-3.250305349e-01,-9.160529542e-06,-4.219435914e-15,1.000009161e+00
108651578,1086515.780000,-6.020907785e-01,7.834130681e-01,-7.948965204e-01,-6.263643904e-01,-1.054678660e-05,3.797492322e-14,1.000010547e+00
110928987,1109289.870000,-5.331434608e-01,8.482711159e-01,-8.543559650e-01,-5.160619565e-01,-3.906477803e-05,7.661607317e-14,1.000039066e+00
113254132,1132541.320000,9.926276267e-01,7.304315176e-02,-9.056566899e-02,1.000622304e+00,-2.588978156e-05,-6.384672764e-14,1.000025890e+00
115628014,1156280.140000,-8.357396172e-01,5.817046835e-01,-5.576202527e-01,-8.082544117e-01,-6.891658753e-05,-4.374888816e-14,1.000068921e+00
118051653,1180516.530000,-4.437523348e-01,-9.090324261e-01,8.944382869e-01,-4.209265500e-01,-5.716626787e-05,4.719105956e-14,1.000057170e+00
120526094,1205260.940000,-2.088155931e-01,9.944302842e-01,-9.611179362e-01,-2.111708333e-01,-6.523382028e-05,-1.657794163e-13,1.000065238e+00
123052401,1230524.010000,5.296064862e-01,-8.285423047e-01,8.560436954e-01,5.486944297e-01,-9.945523316e-08,-3.002461766e-13,1.000000099e+00
125631661,1256316.610000,3.284438222e-01,9.498883150e-01,-9.458208595e-01,3.088393080e-01,-4.515473997e-05,-8.849711640e-14,1.000045157e+00
128264984,1282649.840000,-9.432262783e-01,2.986528430e-01,-2.921581311e-01,-9.675373872e-01,-1.341503679e-05,-1.434608211e-13,1.000013415e+00
130953503,1309535.030000,8.396222562e-01,-5.425383108e-01,5.279611690e-01,8.496932749e-01,-3.465521499e-05,-1.735520614e-13,1.000034656e+00
133698375,1336983.750000,6.619627695e-01,7.273385588e-01,-7.535733485e-01,6.824516616e-01,-3.875172672e-07,1.090391070e-13,1.000000388e+00
136500781,1365007.810000,8.556076137e-01,-5.327874747e-01,5.381312015e-01,8.335023789e-01,-5.052857223e-05,-2.397305826e-13,1.000050531e+00
139361928,1393619.280000,-1.955464063e-01,9.733554662e-01,-9.842583768e-01,-2.138994772e-01,-2.068989193e-05,-2.616050267e-13,1.000020690e+00
142283046,1422830.460000,-9.392739333e-01,-3.220508847e-01,3.416539705e-01,-9.473600302e-01,-2.099879737e-05,3.886322552e-14,1.000020999e+00
145265393,1452653.930000,-1.744295705e-01,9.725870594e-01,-9.938337240e-01,-1.907401714e-01,-1.065901430e-05,1.758838549e-13,1.000010659e+00
148310252,1483102.520000,-1.083740124e-01,9.881424595e-01,-9.980410385e-01,-1.259879423e-01,-2.332374714e-05,1.721085702e-13,1.000023324e+00
151418933,1514189.330000,-7.911296614e-01,-6.179113581e-01,6.268657145e-01,-7.742259330e-01,-4.281628389e-05,1.898746161e-13,1.000042818e+00
154592774,1545927.740000,-5.323286653e-01,-8.268008750e-01,8.556404085e-01,-5.493153497e-01,-1.087838948e-07,9.971193291e-14,1.000000109e+00
157833141,1578331.410000,9.210000296e-01,3.943843640e-01,-3.765724336e-01,9.243715941e-01,-3.903975227e-05,3.887432930e-13,1.000039041e+00
161141428,1611414.280000,-1.178438930e-01,-1.011401475e+00,9.748725890e-01,-1.177232866e-01,-6.889902682e-05,3.966269759e-13,1.000068904e+00
164519059,1645190.590000,7.620231648e-01,-6.343579772e-01,6.335672898e-01,7.846901624e-01,-1.796300094e-05,5.167698617e-13,1.000017963e+00
167967488,1679674.880000,8.945359121e-01,4.121519484e-01,-4.316477040e-01,9.188631691e-01,-3.636049712e-06,5.448624218e-13,1.000003636e+00
171488197,1714881.970000,9.493406328e-01,3.676137171e-01,-3.592186723e-01,9.141153385e-01,-6.853545772e-05,4.614730436e-13,1.000068540e+00
175082704,1750827.040000,9.845715688e-01,1.052801921e-01,-1.214713312e-01,1.002539634e+00,-1.514516296e-05,4.980044756e-13,1.000015145e+00
178752553,1787525.530000,-7.271901833e-01,6.961946536e-01,-6.988925030e-01,-7.058611805e-01,-4.827574046e-05,4.272734052e-13,1.000048278e+00
182499325,1824993.250000,8.122268362e-01,-5.987452328e-01,5.753350479e-01,8.068945753e-01,-5.261788232e-05,4.625834215e-13,1.000052621e+00
186324632,1863246.320000,-2.139063188e-01,-9.636848021e-01,9.863974677e-01,-2.304013137e-01,-8.550501897e-06,5.114400479e-13,1.000008551e+00
190230119,1902301.190000,1.537611550e-01,9.714425886e-01,-1.003638565e+00,1.618308556e-01,-5.334374575e-07,5.728439442e-13,1.000000533e+00
194217469,1942174.690000,-2.296105378e-02,1.002486122e+00,-9.972615093e-01,-5.214132999e-03,-4.071012076e-05,5.352021343e-13,1.000040712e+00
198288395,1982883.950000,7.508149973e-01,-6.369376233e-01,6.517963430e-01,7.787629893e-01,-2.897142263e-06,2.914741914e-13,1.000002897e+00
202444651,2024446.510000,-5.255446596e-01,-8.695556385e-01,8.470134882e-01,-5.010710050e-01,-6.508716909e-05,2.338455799e-13,1.000065091e+00
206688025,2066880.250000,-9.062937106e-01,3.884144692e-01,-4.082625935e-01,-9.282702030e-01,-6.083350635e-06,2.556089861e-13,1.000006083e+00
211020343,2110203.430000,-8.785333467e-01,4.949551149e-01,-4.727474290e-01,-8.717617722e-01,-5.133196487e-05,4.004022607e-13,1.000051335e+00
215443470,2154434.700000,-8.995952195e-02,9.793798402e-01,-1.012619544e+00,-9.027813626e-02,-4.581290036e-07,1.271382664e-13,1.000000458e+00
219959307,2199593.070000,9.201824846e-01,-3.579330353e-01,3.777753885e-01,9.396421561e-01,-9.002687944e-06,-8.660947402e-15,1.000009003e+00
224569800,2245698.000000,7.455024502e-01,-6.884927648e-01,6.765714123e-01,7.163571668e-01,-6.291062287e-05,-8.327834040e-15,1.000062915e+00
229276932,2292769.320000,7.460823821e-01,-6.772531866e-01,6.548402422e-01,7.457191294e-01,-4.996072524e-05,-2.369546379e-13,1.000049963e+00
234082728,2340827.280000,3.353357413e-01,9.442428130e-01,-9.343872946e-01,3.506099805e-01,-3.929660212e-05,1.068183513e-13,1.000039298e+00
238989257,2389892.570000,-9.303062099e-01,3.658981224e-01,-3.496032104e-01,-9.372627826e-01,-3.469262017e-05,4.952285309e-14,1.000034694e+00
243998630,2439986.300000,-5.150106881e-02,-1.007504092e+00,9.890201494e-01,-6.638110592e-02,-5.216961499e-05,3.630935642e-13,1.000052172e+00
249113003,2491130.030000,-8.457713278e-01,-5.674610252e-01,5.445689409e-01,-8.168152230e-01,-6.933595547e-05,1.419062920e-13,1.000069341e+00
254334577,2543345.770000,9.986595912e-01,2.625720646e-03,1.498920609e-02,1.001241976e+00,-3.267776096e-05,-9.449315691e-14,1.000032679e+00
259665598,2596655.980000,-6.837029997e-01,7.071505045e-01,-7.331742983e-01,-7.041010067e-01,-7.266625113e-07,5.618512033e-14,1.000000727e+00
265108361,2651083.610000,-6.522739811e-01,-7.488954748e-01,7.697016644e-01,-6.491665529e-01,-2.137087832e-05,2.467259632e-13,1.000021371e+00
270665208,2706652.080000,3.444216916e-01,9.212561318e-01,-9.512041324e-01,3.587401975e-01,-5.288081997e-07,5.747315866e-13,1.000000529e+00
276338530,2763385.300000,8.275559741e-01,-5.936398047e-01,5.697102506e-01,7.995324596e-01,-6.926554318e-05,6.924316410e-13,1.000069270e+00
282130768,2821307.680000,6.317449223e-01,7.786901347e-01,-7.854579818e-01,6.145394288e-01,-4.066608524e-05,6.857693738e-13,1.000040668e+00
288044416,2880444.160000,4.945663677e-01,-8.881443726e-01,8.552380694e-01,4.858512070e-01,-6.600298055e-05,6.039345246e-13,1.000066007e+00
294082018,2940820.180000,-6.824951786e-01,7.562888044e-01,-7.293535939e-01,-6.567937794e-01,-6.969686594e-05,3.244524142e-13,1.000069702e+00
300246171,3002461.710000,-4.155821000e-01,-9.280852167e-01,8.942167541e-01,-4.089473421e-01,-6.655980625e-05,5.230990155e-13,1.000066564e+00
306539530,3065395.300000,-2.247889548e-01,9.592914735e-01,-9.861506735e-01,-2.395785531e-01,-4.435374522e-06,8.567675661e-13,1.000004435e+00
312964802,3129648.020000,1.383885642e-01,9.744451925e-01,-1.004987904e+00,1.485304325e-01,-2.079788476e-06,4.992258913e-13,1.000002080e+00
319524751,3195247.510000,8.426499500e-01,5.696491113e-01,-5.445213287e-01,8.184590224e-01,-6.699134407e-05,2.990247609e-13,1.000066996e+00
326222201,3262222.010000,8.299488203e-01,5.687678702e-01,-5.478349857e-01,8.292916267e-01,-4.717431586e-05,4.961168332e-13,1.000047177e+00
333060035,3330600.350000,1.015498940e+00,7.417617532e-02,-6.728475571e-02,9.796855322e-01,-6.883191371e-05,3.748635696e-13,1.000068837e+00
340041194,3400411.940000,1.452283269e-01,9.990505558e-01,-9.778822703e-01,1.577290058e-01,-5.351342256e-05,4.863455080e-13,1.000053516e+00
347168682,3471686.820000,-1.714493925e-01,-9.702772976e-01,1.000738424e+00,-1.683690490e-01,-4.506213603e-06,4.403758641e-13,1.000004506e+00
354445568,3544455.680000,5.071786891e-01,8.444272619e-01,-8.741660935e-01,5.159736993e-01,-3.889653375e-06,2.149691560e-13,1.000003890e+00
361874982,3618749.820000,3.129029185e-01,-9.636365101e-01,9.346836625e-01,3.169201591e-01,-6.003928860e-05,3.214543940e-13,1.000060043e+00
369460121,3694601.210000,-9.054895725e-01,-3.835101229e-01,3.978809788e-01,-9.357028373e-01,-1.293448912e-07,1.524548818e-13,1.000000129e+00
377204250,3772042.500000,9.671199423e-01,3.012871709e-01,-3.059479395e-01,9.385416601e-01,-5.968004336e-05,-8.139069802e-14,1.000059684e+00
385110701,3851107.010000,-9.593050471e-01,-2.374357223e-01,2.551743543e-01,-9.791182075e-01,-1.097874271e-05,9.704702602e-14,1.000010979e+00
393182876,3931828.760000,1.003217535e+00,1.965453574e-02,-3.704885795e-02,9.959279346e-01,-4.198504105e-05,2.588290820e-13,1.000041987e+00
401424250,4014242.500000,5.760762150e-01,7.993503198e-01,-8.281253692e-01,5.865513239e-01,-4.496966210e-06,6.496820929e-13,1.000004497e+00
409838368,4098383.680000,-6.945432370e-01,7.012457863e-01,-7.120370794e-01,-7.206859372e-01,-8.207815706e-06,4.070645279e-13,1.000008208e+00
418428851,4184288.510000,5.199965682e-01,-8.439942213e-01,8.508487132e-01,5.418288607e-01,-1.757131415e-05,3.042435369e-13,1.000017572e+00
427199397,4271993.970000,-9.876592943e-01,1.762931707e-01,-1.578399268e-01,-9.841799188e-01,-4.171497956e-05,3.989587694e-13,1.000041717e+00
436153779,4361537.790000,9.818245135e-01,-2.113016503e-01,2.264494280e-01,9.696349952e-01,-4.369975434e-05,4.925636240e-13,1.000043702e+00
445295851,4452958.510000,1.831786302e-01,-9.660900704e-01,9.990990967e-01,1.891095515e-01,-6.378336082e-09,7.016477774e-13,1.000000006e+00
454629547,4546295.470000,1.481499404e-01,9.886477290e-01,-9.865055906e-01,1.657377210e-01,-3.471408933e-05,6.289180267e-13,1.000034715e+00
464158884,4641588.840000,-8.106722650e-01,5.664267455e-01,-5.898488775e-01,-8.212373779e-01,-1.249860025e-05,1.144022322e-12,1.000012499e+00
473887961,4738879.610000,4.227257501e-02,1.010067113e+00,-9.887726144e-01,2.682223930e-02,-5.606412933e-05,1.751399018e-12,1.000056067e+00
483820967,4838209.670000,-8.301664784e-01,-5.703175342e-01,5.757421192e-01,-8.088795886e-01,-4.915403404e-05,2.041762831e-12,1.000049156e+00
493962175,4939621.750000,6.819434166e-01,7.093070367e-01,-7.358932209e-01,7.007711985e-01,-1.472842198e-06,2.068633976e-12,1.000001473e+00
504315949,5043159.490000,-8.520289724e-01,4.938705588e-01,-5.154586500e-01,-8.747245903e-01,-3.406766117e-06,1.928726364e-12,1.000003407e+00
514886746,5148867.460000,9.868137193e-01,-2.459848581e-01,2.304876424e-01,9.557670884e-01,-6.677995689e-05,2.037321320e-12,1.000066784e+00
525679113,5256791.130000,4.001226733e-01,9.000633189e-01,-9.306921776e-01,4.053223319e-01,-3.804178045e-06,1.977471952e-12,1.000003804e+00
536697695,5366976.950000,-9.925097632e-01,2.214788063e-01,-2.066151124e-01,-9.613000418e-01,-6.662594356e-05,1.819354143e-12,1.000066630e+00
547947234,5479472.340000,5.257017601e-01,8.348740915e-01,-8.631617766e-01,5.311550434e-01,-7.362364432e-06,1.661347372e-12,1.000007362e+00
559432571,5594325.710000,-7.177438267e-01,-7.073786814e-01,6.848448320e-01,-7.181056693e-01,-5.017290361e-05,1.737963445e-12,1.000050175e+00
571158648,5711586.480000,3.680279236e-01,9.246551051e-01,-9.272254729e-01,3.871901262e-01,-2.566973558e-05,1.653796803e-12,1.000025670e+00
583130512,5831305.120000,-7.668524515e-02,9.803290750e-01,-1.013793419e+00,-7.836423392e-02,-5.385990431e-08,1.427723868e-12,1.000000054e+00
595353314,5953533.140000,-2.920080067e-01,9.568292999e-01,-9.611172574e-01,-2.747712080e-01,-3.611542940e-05,1.116262875e-12,1.000036117e+00
607832313,6078323.130000,2.649652886e-01,-9.832385961e-01,9.490475851e-01,2.518078139e-01,-6.902039895e-05,8.554351126e-13,1.000069025e+00
620572881,6205728.810000,-8.563488079e-01,5.425907513e-01,-5.381450666e-01,-8.266117764e-01,-6.112065874e-05,6.833265425e-13,1.000061124e+00
633580500,6335805.000000,7.178016302e-01,-6.941385496e-01,6.834268874e-01,7.320512727e-01,-3.241713081e-05,9.276096743e-13,1.000032418e+00
646860767,6468607.670000,7.746985922e-01,6.553901529e-01,-6.448584453e-01,7.450983855e-01,-6.282227260e-05,9.418225111e-13,1.000062826e+00
660419397,6604193.970000,4.480235666e-01,8.753518873e-01,-9.045483476e-01,4.644006647e-01,-1.002179628e-07,6.821051268e-13,1.000000100e+00
674262225,6742622.250000,-5.171186232e-01,8.642331647e-01,-8.604183729e-01,-4.955506153e-01,-4.903554830e-05,7.561673309e-13,1.000049038e+00
688395207,6883952.070000,9.062392189e-01,3.821709077e-01,-3.923748654e-01,9.378387837e-01,-5.115493662e-07,5.399767592e-13,1.000000512e+00
702824427,7028244.270000,6.858129586e-01,7.046823279e-01,-7.292773866e-01,7.085775395e-01,-4.336583270e-08,6.420204856e-13,1.000000043e+00
717556092,7175560.920000,-9.967124396e-01,-9.922593963e-02,8.125883162e-02,-9.950689105e-01,-3.855467728e-05,5.856132897e-13,1.000038556e+00
732596543,7325965.430000,-9.643876508e-01,-2.443108574e-01,2.305916701e-01,-9.783664233e-01,-2.494576420e-05,7.175261809e-13,1.000024946e+00
747952252,7479522.520000,4.965912891e-01,-8.895112971e-01,8.568575560e-01,4.786150593e-01,-6.974771983e-05,1.099163056e-12,1.000069753e+00
763629827,7636298.270000,-7.952282089e-01,6.069149007e-01,-6.204854098e-01,-7.837733840e-01,-3.605890291e-05,1.058523225e-12,1.000036060e+00
779636014,7796360.140000,-8.811871452e-01,-4.545053752e-01,4.756922783e-01,-8.893182930e-01,-1.793799752e-05,1.077510687e-12,1.000017938e+00
795977701,7959777.010000,3.556431280e-01,9.257756398e-01,-9.356661852e-01,3.757800264e-01,-1.844623924e-05,1.367874501e-12,1.000018447e+00
812661921,8126619.210000,-9.551243569e-01,3.543468899e-01,-3.418045451e-01,-9.200301106e-01,-6.974019717e-05,1.301695979e-12,1.000069745e+00
829695853,8296958.530000,9.852559933e-01,2.421476304e-01,-2.461536641e-01,9.543256018e-01,-6.253683285e-05,8.189036806e-13,1.000062541e+00
847086827,8470868.270000,4.410568982e-01,8.947790025e-01,-9.067243237e-01,4.274792212e-01,-3.049895675e-05,1.361989498e-12,1.000030500e+00
864842328,8648423.280000,-7.726090363e-01,-6.234862133e-01,6.448006680e-01,-7.737887993e-01,-2.069044292e-05,7.632737493e-13,1.000020691e+00
882969996,8829699.960000,-6.638063228e-01,-7.321232482e-01,7.411586420e-01,-6.888169894e-01,-1.098027136e-05,8.325613285e-13,1.000010980e+00
901477632,9014776.320000,6.967627645e-01,7.350504891e-01,-7.254852979e-01,6.696572291e-01,-5.940057718e-05,1.256059449e-12,1.000059404e+00
920373200,9203732.000000,-5.394643219e-01,-8.221709272e-01,8.509004351e-01,-5.566168759e-01,-1.240689431e-07,1.622706222e-12,1.000000124e+00
939664832,9396648.320000,-8.690894116e-01,5.306438268e-01,-5.150571987e-01,-8.359883490e-01,-6.896546707e-05,1.841672739e-12,1.000068970e+00
959360829,9593608.290000,-2.558968008e-01,9.500313409e-01,-9.824599280e-01,-2.598423362e-01,-1.334950452e-06,1.573738558e-12,1.000001335e+00
979469668,9794696.680000,9.692398375e-01,-3.117496932e-01,3.049802150e-01,9.334975946e-01,-6.872567474e-05,2.118045791e-12,1.000068730e+00
1000000000,10000000.000000,2.133315987e-01,-9.717947940e-01,9.851715135e-01,1.991078559e-01,-2.511568504e-05,2.789935441e-12,1.000025116e+00
