step,orbits,x,y,vx,vy,dE_rel,dL_rel,a_ratio
1,0.010000,9.812592024e-01,6.384583946e-02,-6.493699685e-02,1.014731464e+00,2.087424456e-09,-1.007691570e-09,9.999999979e-01
2,0.020000,9.751457041e-01,1.274266969e-01,-1.295910285e-01,1.008410520e+00,4.212967308e-09,-2.014989844e-09,9.999999958e-01
3,0.030000,9.649861369e-01,1.904788547e-01,-1.936807082e-01,9.979091160e-01,6.374672568e-09,-3.021219379e-09,9.999999936e-01
4,0.040000,9.508247218e-01,2.527411145e-01,-2.569277913e-01,9.832772576e-01,8.570353538e-09,-4.025712506e-09,9.999999914e-01
5,0.050000,9.327230235e-01,3.139560352e-01,-3.190587090e-01,9.645844590e-01,1.079761014e-08,-5.027811991e-09,9.999999892e-01
6,0.060000,9.107596097e-01,3.738711437e-01,-3.798060571e-01,9.419192564e-01,1.305385000e-08,-6.026876480e-09,9.999999869e-01
7,0.070000,8.850296180e-01,4.322401119e-01,-4.389100279e-01,9.153885952e-01,1.533631133e-08,-7.022283939e-09,9.999999847e-01
8,0.080000,8.556442359e-01,4.888238903e-01,-4.961197714e-01,8.851170952e-01,1.764208601e-08,-8.013435432e-09,9.999999824e-01
9,0.090000,8.227300971e-01,5.433917933e-01,-5.511946743e-01,8.512462061e-01,1.996814536e-08,-8.999759001e-09,9.999999800e-01
10,0.100000,7.864286004e-01,5.957225268e-01,-6.039055481e-01,8.139332622e-01,2.231136698e-08,-9.980712116e-09,9.999999777e-01
11,0.110000,7.468951576e-01,6.456051547e-01,-6.540357162e-01,7.733504479e-01,2.466855986e-08,-1.095578489e-08,9.999999753e-01
12,0.120000,7.042983752e-01,6.928399969e-01,-7.013819939e-01,7.296836866e-01,2.703649415e-08,-1.192450298e-08,9.999999730e-01
13,0.130000,6.588191797e-01,7.372394565e-01,-7.457555564e-01,6.831314649e-01,2.941192423e-08,-1.288642910e-08,9.999999706e-01
14,0.140000,6.106498905e-01,7.786287703e-01,-7.869826896e-01,6.339036060e-01,3.179161556e-08,-1.384116531e-08,9.999999682e-01
15,0.150000,5.599932502e-01,8.168466819e-01,-8.249054236e-01,5.822200039e-01,3.417236871e-08,-1.478835350e-08,9.999999658e-01
16,0.160000,5.070614186e-01,8.517460340e-01,-8.593820464e-01,5.283093330e-01,3.655104397e-08,-1.572767732e-08,9.999999634e-01
17,0.170000,4.520749380e-01,8.831942787e-01,-8.902875010e-01,4.724077434e-01,3.892458045e-08,-1.665886253e-08,9.999999611e-01
18,0.180000,3.952616775e-01,9.110739069e-01,-9.175136661e-01,4.147575559e-01,4.129001518e-08,-1.758167726e-08,9.999999587e-01
19,0.190000,3.368557628e-01,9.352827946e-01,-9.409695260e-01,3.556059658e-01,4.364450201e-08,-1.849593142e-08,9.999999564e-01
20,0.200000,2.770964990e-01,9.557344693e-01,-9.605812337e-01,2.952037670e-01,4.598532644e-08,-1.940147755e-08,9.999999540e-01
21,0.210000,2.162272925e-01,9.723582966e-01,-9.762920721e-01,2.338041059e-01,4.830991740e-08,-2.029820928e-08,9.999999517e-01
22,0.220000,1.544945784e-01,9.850995900e-01,-9.880623220e-01,1.716612717e-01,5.061585640e-08,-2.118606043e-08,9.999999494e-01
23,0.230000,9.214675912e-02,9.939196457e-01,-9.958690418e-01,1.090295324e-01,5.290089011e-08,-2.206500447e-08,9.999999471e-01
24,0.240000,2.943315887e-02,9.987957060e-01,-9.997057679e-01,4.616202122e-02,5.516293200e-08,-2.293505271e-08,9.999999448e-01
25,0.250000,-3.339699997e-02,9.997208546e-01,-9.995821435e-01,-1.669032184e-02,5.740006892e-08,-2.379625323e-08,9.999999426e-01
26,0.260000,-9.609559573e-02,9.967038471e-01,-9.955234836e-01,-7.927974830e-02,5.961056226e-08,-2.464868910e-08,9.999999404e-01
27,0.270000,-1.584165770e-01,9.897688805e-01,-9.875702842e-01,-1.413626377e-01,6.179284995e-08,-2.549247624e-08,9.999999382e-01
28,0.280000,-2.201168997e-01,9.789553062e-01,-9.757776845e-01,-2.027003700e-01,6.394554264e-08,-2.632776310e-08,9.999999361e-01
29,0.290000,-2.809574292e-01,9.643172903e-01,-9.602148885e-01,-2.630601335e-01,6.606742220e-08,-2.715472702e-08,9.999999339e-01
30,0.300000,-3.407038052e-01,9.459234246e-01,-9.409645540e-01,-3.222156672e-01,6.815743991e-08,-2.797357340e-08,9.999999318e-01
31,0.310000,-3.991272669e-01,9.238562938e-01,-9.181221572e-01,-3.799479406e-01,7.021471005e-08,-2.878453400e-08,9.999999298e-01
32,0.320000,-4.560054379e-01,8.982120010e-01,-8.917953363e-01,-4.360457697e-01,7.223850140e-08,-2.958786452e-08,9.999999278e-01
33,0.330000,-5.111230697e-01,8.690996573e-01,-8.621032233e-01,-4.903063739e-01,7.422823645e-08,-3.038384311e-08,9.999999258e-01
34,0.340000,-5.642727424e-01,8.366408376e-01,-8.291757675e-01,-5.425358739e-01,7.618348064e-08,-3.117276870e-08,9.999999238e-01
35,0.350000,-6.152555231e-01,8.009690073e-01,-7.931530556e-01,-5.925497359e-01,7.810393488e-08,-3.195495896e-08,9.999999219e-01
36,0.360000,-6.638815814e-01,7.622289222e-01,-7.541846333e-01,-6.401731638e-01,7.998943063e-08,-3.273074911e-08,9.999999200e-01
37,0.370000,-7.099707629e-01,7.205760062e-01,-7.124288308e-01,-6.852414433e-01,8.183991995e-08,-3.350048992e-08,9.999999182e-01
38,0.380000,-7.533531195e-01,6.761757073e-01,-6.680520967e-01,-7.276002419e-01,8.365546877e-08,-3.426454604e-08,9.999999163e-01
39,0.390000,-7.938693996e-01,6.292028378e-01,-6.212283408e-01,-7.671058686e-01,8.543625007e-08,-3.502329556e-08,9.999999146e-01
40,0.400000,-8.313714958e-01,5.798408980e-01,-5.721382886e-01,-8.036254957e-01,8.718253452e-08,-3.577712765e-08,9.999999128e-01
41,0.410000,-8.657228538e-01,5.282813880e-01,-5.209688495e-01,-8.370373483e-01,8.889468672e-08,-3.652644195e-08,9.999999111e-01
42,0.420000,-8.967988410e-01,4.747231072e-01,-4.679124970e-01,-8.672308638e-01,9.057315431e-08,-3.727164641e-08,9.999999094e-01
43,0.430000,-9.244870773e-01,4.193714466e-01,-4.131666643e-01,-8.941068252e-01,9.221846664e-08,-3.801315775e-08,9.999999078e-01
44,0.440000,-9.486877280e-01,3.624376714e-01,-3.569331521e-01,-9.175774708e-01,9.383122501e-08,-3.875139914e-08,9.999999062e-01
45,0.450000,-9.693137598e-01,3.041381991e-01,-2.994175506e-01,-9.375665846e-01,9.541209955e-08,-3.948679952e-08,9.999999046e-01
46,0.460000,-9.862911615e-01,2.446938712e-01,-2.408286733e-01,-9.540095678e-01,9.696182390e-08,-4.021979316e-08,9.999999030e-01
47,0.470000,-9.995591283e-01,1.843292214e-01,-1.813780015e-01,-9.668534969e-01,9.848119031e-08,-4.095081820e-08,9.999999015e-01
48,0.480000,-1.009070213e+00,1.232717409e-01,-1.212791387e-01,-9.760571665e-01,9.997104633e-08,-4.168031614e-08,9.999999000e-01
49,0.490000,-1.014790442e+00,6.175114098e-02,-6.074727313e-02,-9.815911226e-01,1.014322932e-07,-4.240873102e-08,9.999998986e-01
50,0.500000,-1.016699399e+00,-1.386464878e-06,1.354028069e-06,-9.834376841e-01,1.028658794e-07,-4.313650843e-08,9.999998971e-01
51,0.510000,-1.014790271e+00,-6.175390866e-02,6.074997627e-02,-9.815909562e-01,1.042728019e-07,-4.386409542e-08,9.999998957e-01
52,0.520000,-1.009069872e+00,-1.232744929e-01,1.212818271e-01,-9.760568343e-01,1.056541032e-07,-4.459193912e-08,9.999998943e-01
53,0.530000,-9.995586183e-01,-1.843319472e-01,1.813806654e-01,-9.668530000e-01,1.070108697e-07,-4.532048602e-08,9.999998930e-01
54,0.540000,-9.862904843e-01,-2.446965604e-01,2.408313030e-01,-9.540089078e-01,1.083442323e-07,-4.605018205e-08,9.999998917e-01
55,0.550000,-9.693129180e-01,-3.041408417e-01,2.994201365e-01,-9.375657636e-01,1.096553639e-07,-4.678147092e-08,9.999998903e-01
56,0.560000,-9.486867246e-01,-3.624402571e-01,3.569356846e-01,-9.175764917e-01,1.109454808e-07,-4.751479378e-08,9.999998891e-01
57,0.570000,-9.244859160e-01,-4.193739656e-01,4.131691341e-01,-8.941056911e-01,1.122158440e-07,-4.825058835e-08,9.999998878e-01
58,0.580000,-8.967975260e-01,-4.747255499e-01,4.679148950e-01,-8.672295785e-01,1.134677572e-07,-4.898928843e-08,9.999998865e-01
59,0.590000,-8.657213899e-01,-5.282837448e-01,5.209711666e-01,-8.370359161e-01,1.147025708e-07,-4.973132243e-08,9.999998853e-01
60,0.600000,-8.313698884e-01,-5.798431600e-01,5.721405162e-01,-8.036239214e-01,1.159216811e-07,-5.047711273e-08,9.999998841e-01
61,0.610000,-7.938676546e-01,-6.292049961e-01,6.212304704e-01,-7.671041576e-01,1.171265316e-07,-5.122707526e-08,9.999998829e-01
62,0.620000,-7.533512434e-01,-6.761777534e-01,6.680541201e-01,-7.275983998e-01,1.183186158e-07,-5.198161700e-08,9.999998817e-01
63,0.630000,-7.099687626e-01,-7.205779321e-01,7.124307401e-01,-6.852394764e-01,1.194994774e-07,-5.274113656e-08,9.999998805e-01
64,0.640000,-6.638794644e-01,-7.622307203e-01,7.541864210e-01,-6.401710788e-01,1.206707125e-07,-5.350602192e-08,9.999998793e-01
65,0.650000,-6.152532972e-01,-8.009706702e-01,7.931547145e-01,-5.925475401e-01,1.218339700e-07,-5.427664903e-08,9.999998782e-01
66,0.660000,-5.642704160e-01,-8.366423586e-01,8.291772909e-01,-5.425335747e-01,1.229909534e-07,-5.505338123e-08,9.999998770e-01
67,0.670000,-5.111206516e-01,-8.691010301e-01,8.621046047e-01,-4.903039794e-01,1.241434224e-07,-5.583656783e-08,9.999998759e-01
68,0.680000,-4.560029371e-01,-8.982132199e-01,8.917965698e-01,-4.360432883e-01,1.252931903e-07,-5.662654128e-08,9.999998747e-01
69,0.690000,-3.991246930e-01,-9.238573535e-01,9.181232374e-01,-3.799453810e-01,1.264421277e-07,-5.742361682e-08,9.999998736e-01
70,0.700000,-3.407011681e-01,-9.459243205e-01,9.409654759e-01,-3.222130386e-01,1.275921595e-07,-5.822809092e-08,9.999998724e-01
71,0.710000,-2.809547390e-01,-9.643180183e-01,9.602156475e-01,-2.630574452e-01,1.287452631e-07,-5.904023850e-08,9.999998713e-01
72,0.720000,-2.201141667e-01,-9.789558629e-01,9.757782769e-01,-2.026976319e-01,1.299034693e-07,-5.986031197e-08,9.999998701e-01
73,0.730000,-1.584138119e-01,-9.897692630e-01,9.875707065e-01,-1.413598597e-01,1.310688562e-07,-6.068853949e-08,9.999998689e-01
74,0.740000,-9.609280941e-02,-9.967040533e-01,9.955237330e-01,-7.927694063e-02,1.322435454e-07,-6.152512250e-08,9.999998678e-01
75,0.750000,-3.339420337e-02,-9.997208829e-01,9.995822178e-01,-1.668749496e-02,1.334296988e-07,-6.237023431e-08,9.999998666e-01
76,0.760000,2.943595463e-02,-9.987955555e-01,9.997056654e-01,4.616485667e-02,1.346295104e-07,-6.322401818e-08,9.999998654e-01
77,0.770000,9.214954286e-02,-9.939193162e-01,9.958687616e-01,1.090323657e-01,1.358451991e-07,-6.408658559e-08,9.999998642e-01
78,0.780000,1.544973389e-01,-9.850990820e-01,9.880618638e-01,1.716640919e-01,1.370790017e-07,-6.495801414e-08,9.999998629e-01
79,0.790000,2.162300185e-01,-9.723576112e-01,9.762914362e-01,2.338069020e-01,1.383331591e-07,-6.583834625e-08,9.999998617e-01
80,0.800000,2.770991793e-01,-9.557336084e-01,9.605804210e-01,2.952065282e-01,1.396099083e-07,-6.672758749e-08,9.999998604e-01
81,0.810000,3.368583863e-01,-9.352817608e-01,9.409685382e-01,3.556086809e-01,1.409114667e-07,-6.762570519e-08,9.999998591e-01
82,0.820000,3.952642332e-01,-9.110727034e-01,9.175125055e-01,4.147602141e-01,1.422400195e-07,-6.853262686e-08,9.999998578e-01
83,0.830000,4.520774151e-01,-8.831929094e-01,8.902861706e-01,4.724103339e-01,1.435977042e-07,-6.944823912e-08,9.999998564e-01
84,0.840000,5.070638064e-01,-8.517445035e-01,8.593805499e-01,5.283118450e-01,1.449865923e-07,-7.037238797e-08,9.999998550e-01
85,0.850000,5.599955384e-01,-8.168449956e-01,8.249037653e-01,5.822224269e-01,1.464086739e-07,-7.130487643e-08,9.999998536e-01
86,0.860000,6.106520691e-01,-7.786269341e-01,7.869808745e-01,6.339059296e-01,1.478658385e-07,-7.224546597e-08,9.999998521e-01
87,0.870000,6.588212389e-01,-7.372374769e-01,7.457535902e-01,6.831336792e-01,1.493598556e-07,-7.319387458e-08,9.999998506e-01
88,0.880000,7.043003057e-01,-6.928378813e-01,7.013798829e-01,7.296857817e-01,1.508923557e-07,-7.414977957e-08,9.999998491e-01
89,0.890000,7.468969504e-01,-6.456029107e-01,6.540334674e-01,7.733524144e-01,1.524648126e-07,-7.511281607e-08,9.999998475e-01
90,0.900000,7.864302472e-01,-5.957201630e-01,6.039031691e-01,8.139350911e-01,1.540785219e-07,-7.608257902e-08,9.999998459e-01
91,0.910000,8.227315897e-01,-5.433893185e-01,5.511921733e-01,8.512478888e-01,1.557345852e-07,-7.705862493e-08,9.999998443e-01
92,0.920000,8.556455670e-01,-4.888213141e-01,4.961171570e-01,8.851186236e-01,1.574338926e-07,-7.804047324e-08,9.999998426e-01
93,0.930000,8.850307807e-01,-4.322374443e-01,4.389073096e-01,9.153899617e-01,1.591771048e-07,-7.902760838e-08,9.999998408e-01
94,0.940000,9.107605978e-01,-3.738683952e-01,3.798032445e-01,9.419204540e-01,1.609646425e-07,-8.001948284e-08,9.999998390e-01
95,0.950000,9.327238314e-01,-3.139532165e-01,3.190558126e-01,9.645854812e-01,1.627966713e-07,-8.101551933e-08,9.999998372e-01
96,0.960000,9.508253444e-01,-2.527382370e-01,2.569248218e-01,9.832780986e-01,1.646730947e-07,-8.201511502e-08,9.999998353e-01
97,0.970000,9.649865700e-01,-1.904759299e-01,1.936776766e-01,9.979097706e-01,1.665935454e-07,-8.301764400e-08,9.999998334e-01
98,0.980000,9.751459442e-01,-1.274237368e-01,1.295879465e-01,1.008410984e+00,1.685573836e-07,-8.402246236e-08,9.999998314e-01
99,0.990000,9.812592466e-01,-6.384285625e-02,6.493387631e-02,1.014731733e+00,1.705636941e-07,-8.502891075e-08,9.999998294e-01
100,1.000000,9.832998464e-01,2.993949252e-06,-3.146992422e-06,1.016841875e+00,1.726112886e-07,-8.603631939e-08,9.999998274e-01
101,1.010000,9.812588505e-01,6.384883165e-02,-6.494015790e-02,1.014731337e+00,1.746987142e-07,-8.704401218e-08,9.999998253e-01
102,1.020000,9.751451535e-01,1.274296748e-01,-1.295941910e-01,1.008410192e+00,1.768242590e-07,-8.805131190e-08,9.999998232e-01
103,1.030000,9.649853879e-01,1.904818057e-01,-1.936838593e-01,9.979085871e-01,1.789859660e-07,-8.905754299e-08,9.999998210e-01
104,1.040000,9.508237755e-01,2.527440260e-01,-2.569309184e-01,9.832765278e-01,1.811816492e-07,-9.006203745e-08,9.999998188e-01
105,1.050000,9.327218818e-01,3.139588945e-01,-3.190617990e-01,9.645835292e-01,1.834089074e-07,-9.106413860e-08,9.999998166e-01
106,1.060000,9.107582753e-01,3.738739384e-01,-3.798090973e-01,9.419181285e-01,1.856651495e-07,-9.206320453e-08,9.999998143e-01
107,1.070000,8.850280945e-01,4.322428295e-01,-4.389130055e-01,9.153872717e-01,1.879476130e-07,-9.305861355e-08,9.999998121e-01
108,1.080000,8.556425276e-01,4.888265187e-01,-4.961226738e-01,8.851155796e-01,1.902533897e-07,-9.404976671e-08,9.999998097e-01
109,1.090000,8.227282091e-01,5.433943205e-01,-5.511974891e-01,8.512445026e-01,1.925794511e-07,-9.503609172e-08,9.999998074e-01
110,1.100000,7.864265387e-01,5.957249413e-01,-6.039082630e-01,8.139313760e-01,1.949226756e-07,-9.601704628e-08,9.999998051e-01
111,1.110000,7.468929287e-01,6.456074450e-01,-6.540383193e-01,7.733483848e-01,1.972798715e-07,-9.699212072e-08,9.999998027e-01
112,1.120000,7.042959866e-01,6.928421522e-01,-7.013844737e-01,7.296814533e-01,1.996478090e-07,-9.796084047e-08,9.999998004e-01
113,1.130000,6.588166395e-01,7.372414663e-01,-7.457579017e-01,6.831290688e-01,2.020232421e-07,-9.892276837e-08,9.999997980e-01
114,1.140000,6.106472074e-01,7.786306247e-01,-7.869848897e-01,6.339010552e-01,2.044029364e-07,-9.987750624e-08,9.999997956e-01
115,1.150000,5.599904337e-01,8.168483714e-01,-8.249074683e-01,5.822173073e-01,2.067836937e-07,-1.008246961e-07,9.999997932e-01
116,1.160000,5.070584787e-01,8.517475497e-01,-8.593839261e-01,5.283065001e-01,2.091623723e-07,-1.017640216e-07,9.999997908e-01
117,1.170000,4.520718855e-01,8.831956124e-01,-8.902892065e-01,4.724047844e-01,2.115359123e-07,-1.026952085e-07,9.999997885e-01
118,1.180000,3.952585236e-01,9.110750510e-01,-9.175151890e-01,4.147544817e-01,2.139013506e-07,-1.036180249e-07,9.999997861e-01
119,1.190000,3.368525191e-01,9.352837422e-01,-9.409708586e-01,3.556027876e-01,2.162558417e-07,-1.045322807e-07,9.999997837e-01
120,1.200000,2.770931777e-01,9.557352142e-01,-9.605823689e-01,2.952004968e-01,2.185966701e-07,-1.054378286e-07,9.999997814e-01
121,1.210000,2.162239063e-01,9.723588335e-01,-9.762930037e-01,2.338007559e-01,2.209212648e-07,-1.063345619e-07,9.999997791e-01
122,1.220000,1.544911402e-01,9.850999142e-01,-9.880630445e-01,1.716578547e-01,2.232272078e-07,-1.072224147e-07,9.999997768e-01
123,1.230000,9.214328219e-02,9.939197535e-01,-9.958695504e-01,1.090260617e-01,2.255122458e-07,-1.081013604e-07,9.999997745e-01
124,1.240000,2.942965681e-02,9.987955944e-01,-9.997060588e-01,4.615851014e-02,2.277742921e-07,-1.089714104e-07,9.999997722e-01
125,1.250000,-3.340051339e-02,9.997205215e-01,-9.995822137e-01,-1.669385953e-02,2.300114330e-07,-1.098326124e-07,9.999997700e-01
126,1.260000,-9.609910657e-02,9.967032912e-01,-9.955233309e-01,-7.928329867e-02,2.322219310e-07,-1.106850498e-07,9.999997678e-01
127,1.270000,-1.584200712e-01,9.897681015e-01,-9.875699075e-01,-1.413661866e-01,2.344042223e-07,-1.115288386e-07,9.999997656e-01
128,1.280000,-2.201203632e-01,9.789543046e-01,-9.757770833e-01,-2.027039034e-01,2.365569194e-07,-1.123641270e-07,9.999997634e-01
129,1.290000,-2.809608479e-01,9.643160676e-01,-9.602140634e-01,-2.630636370e-01,2.386788038e-07,-1.131910924e-07,9.999997613e-01
130,1.300000,-3.407071651e-01,9.459219831e-01,-9.409635065e-01,-3.222191266e-01,2.407688264e-07,-1.140099404e-07,9.999997592e-01
131,1.310000,-3.991305540e-01,9.238546367e-01,-9.181208896e-01,-3.799513418e-01,2.428261001e-07,-1.148209026e-07,9.999997572e-01
132,1.320000,-4.560086385e-01,8.982101324e-01,-8.917938519e-01,-4.360490988e-01,2.448498964e-07,-1.156242347e-07,9.999997552e-01
133,1.330000,-5.111261704e-01,8.690975821e-01,-8.621015263e-01,-4.903096170e-01,2.468396361e-07,-1.164202147e-07,9.999997532e-01
134,1.340000,-5.642757299e-01,8.366385617e-01,-8.291738628e-01,-5.425390174e-01,2.487948840e-07,-1.172091417e-07,9.999997512e-01
135,1.350000,-6.152583845e-01,8.009665374e-01,-7.931509492e-01,-5.925527666e-01,2.507153427e-07,-1.179913335e-07,9.999997493e-01
136,1.360000,-6.638843043e-01,7.622262658e-01,-7.541823318e-01,-6.401760687e-01,2.526008429e-07,-1.187671251e-07,9.999997474e-01
137,1.370000,-7.099733352e-01,7.205731715e-01,-7.124263418e-01,-6.852442100e-01,2.544513364e-07,-1.195368673e-07,9.999997455e-01
138,1.380000,-7.533555298e-01,6.761727034e-01,-6.680494286e-01,-7.276028584e-01,2.562668904e-07,-1.203009250e-07,9.999997437e-01
139,1.390000,-7.938716368e-01,6.291996745e-01,-6.212255025e-01,-7.671083233e-01,2.580476752e-07,-1.210596758e-07,9.999997420e-01
140,1.400000,-8.313735496e-01,5.798375859e-01,-5.721352901e-01,-8.036277776e-01,2.597939641e-07,-1.218135092e-07,9.999997402e-01
141,1.410000,-8.657247145e-01,5.282779382e-01,-5.209657012e-01,-8.370394470e-01,2.615061199e-07,-1.225628247e-07,9.999997385e-01
142,1.420000,-8.968004994e-01,4.747195316e-01,-4.679092102e-01,-8.672327696e-01,2.631845921e-07,-1.233080308e-07,9.999997368e-01
143,1.430000,-9.244885252e-01,4.193677575e-01,-4.131632507e-01,-8.941085290e-01,2.648299082e-07,-1.240495433e-07,9.999997352e-01
144,1.440000,-9.486889577e-01,3.624338819e-01,-3.569296241e-01,-9.175789643e-01,2.664426706e-07,-1.247877860e-07,9.999997336e-01
145,1.450000,-9.693147646e-01,3.041343225e-01,-2.994139212e-01,-9.375678601e-01,2.680235491e-07,-1.255231878e-07,9.999997320e-01
146,1.460000,-9.862919354e-01,2.446899215e-01,-2.408249559e-01,-9.540106187e-01,2.695732775e-07,-1.262561828e-07,9.999997304e-01
147,1.470000,-9.995596663e-01,1.843252129e-01,-1.813742098e-01,-9.668543170e-01,2.710926479e-07,-1.269872092e-07,9.999997289e-01
148,1.480000,-1.009070511e+00,1.232676883e-01,-1.212752871e-01,-9.760577508e-01,2.725825079e-07,-1.277167083e-07,9.999997274e-01
149,1.490000,-1.014790497e+00,6.174705910e-02,-6.074337619e-02,-9.815914668e-01,2.740437584e-07,-1.284451245e-07,9.999997260e-01
150,1.500000,-1.016699207e+00,-5.482333849e-06,5.281417622e-06,-9.834377848e-01,2.754773485e-07,-1.291729031e-07,9.999997245e-01
151,1.510000,-1.014789833e+00,-6.175800314e-02,6.075391897e-02,-9.815908110e-01,2.768842746e-07,-1.299004913e-07,9.999997231e-01
152,1.520000,-1.009069185e+00,-1.232785705e-01,1.212857698e-01,-9.760564416e-01,2.782655795e-07,-1.306283361e-07,9.999997217e-01
153,1.530000,-9.995576842e-01,-1.843359923e-01,1.813845926e-01,-9.668523591e-01,2.796223502e-07,-1.313568844e-07,9.999997204e-01
154,1.540000,-9.862893044e-01,-2.447005575e-01,2.408351992e-01,-9.540080193e-01,2.809557158e-07,-1.320865815e-07,9.999997190e-01
155,1.550000,-9.693114947e-01,-3.041447751e-01,2.994239861e-01,-9.375646287e-01,2.822668503e-07,-1.328178714e-07,9.999997177e-01
156,1.560000,-9.486850612e-01,-3.624441116e-01,3.569394721e-01,-9.175751126e-01,2.835569703e-07,-1.335511953e-07,9.999997164e-01
157,1.570000,-9.244840170e-01,-4.193777258e-01,4.131728441e-01,-8.941040711e-01,2.848273370e-07,-1.342869910e-07,9.999997152e-01
158,1.580000,-8.967953967e-01,-4.747292009e-01,4.679185122e-01,-8.672277219e-01,2.860792532e-07,-1.350256921e-07,9.999997139e-01
159,1.590000,-8.657190366e-01,-5.282872719e-01,5.209746760e-01,-8.370338280e-01,2.873140701e-07,-1.357677272e-07,9.999997127e-01
160,1.600000,-8.313673184e-01,-5.798465488e-01,5.721439030e-01,-8.036216079e-01,2.885331831e-07,-1.365135186e-07,9.999997115e-01
161,1.610000,-7.938648761e-01,-6.292082325e-01,6.212337200e-01,-7.671016257e-01,2.897380367e-07,-1.372634820e-07,9.999997103e-01
162,1.620000,-7.533482654e-01,-6.761808241e-01,6.680572186e-01,-7.275956577e-01,2.909301235e-07,-1.380180248e-07,9.999997091e-01
163,1.630000,-7.099655949e-01,-7.205808241e-01,7.124336738e-01,-6.852365328e-01,2.921109885e-07,-1.387775455e-07,9.999997079e-01
164,1.640000,-6.638761179e-01,-7.622334213e-01,7.541891768e-01,-6.401679436e-01,2.932822263e-07,-1.395424318e-07,9.999997067e-01
165,1.650000,-6.152497835e-01,-8.009731685e-01,7.931572799e-01,-5.925442238e-01,2.944454864e-07,-1.403130599e-07,9.999997056e-01
166,1.660000,-5.642667475e-01,-8.366446431e-01,8.291796538e-01,-5.425300889e-01,2.956024727e-07,-1.410897934e-07,9.999997044e-01
167,1.670000,-5.111168412e-01,-8.691030906e-01,8.621067540e-01,-4.903003362e-01,2.967549442e-07,-1.418729809e-07,9.999997032e-01
168,1.680000,-4.559989987e-01,-8.982150469e-01,8.917984948e-01,-4.360395008e-01,2.979047149e-07,-1.426629552e-07,9.999997021e-01
169,1.690000,-3.991206410e-01,-9.238589384e-01,9.181249284e-01,-3.799414629e-01,2.990536547e-07,-1.434600318e-07,9.999997009e-01
170,1.700000,-3.406970174e-01,-9.459256555e-01,9.409669239e-01,-3.222090042e-01,3.002036886e-07,-1.442645068e-07,9.999996998e-01
171,1.710000,-2.809505051e-01,-9.643190965e-01,9.602168445e-01,-2.630533097e-01,3.013567951e-07,-1.450766554e-07,9.999996986e-01
172,1.720000,-2.201098657e-01,-9.789566785e-01,9.757792157e-01,-2.026934108e-01,3.025150044e-07,-1.458967301e-07,9.999996975e-01
173,1.730000,-1.584094602e-01,-9.897698111e-01,9.875713809e-01,-1.413555690e-01,3.036803937e-07,-1.467249587e-07,9.999996963e-01
174,1.740000,-9.608842377e-02,-9.967043301e-01,9.955241378e-01,-7.927259706e-02,3.048550850e-07,-1.475615426e-07,9.999996951e-01
175,1.750000,-3.338980087e-02,-9.997208855e-01,9.995823489e-01,-1.668311546e-02,3.060412408e-07,-1.484066555e-07,9.999996940e-01
176,1.760000,2.944035668e-02,-9.987952823e-01,9.997055197e-01,4.616925481e-02,3.072410548e-07,-1.492604405e-07,9.999996928e-01
177,1.770000,9.215392699e-02,-9.939187665e-01,9.958683370e-01,1.090367649e-01,3.084567461e-07,-1.501230089e-07,9.999996915e-01
178,1.780000,1.545016876e-01,-9.850982563e-01,9.880611595e-01,1.716684743e-01,3.096905508e-07,-1.509944387e-07,9.999996903e-01
179,1.790000,2.162343141e-01,-9.723565112e-01,9.762904524e-01,2.338112499e-01,3.109447109e-07,-1.518747718e-07,9.999996891e-01
180,1.800000,2.771034044e-01,-9.557322367e-01,9.605791592e-01,2.952108234e-01,3.122214618e-07,-1.527640143e-07,9.999996878e-01
181,1.810000,3.368625235e-01,-9.352801213e-01,9.409670010e-01,3.556129056e-01,3.135230224e-07,-1.536621330e-07,9.999996865e-01
182,1.820000,3.952682652e-01,-9.110708012e-01,9.175106966e-01,4.147643504e-01,3.148515775e-07,-1.545690555e-07,9.999996851e-01
183,1.830000,4.520813250e-01,-8.831907506e-01,8.902840950e-01,4.724143641e-01,3.162092637e-07,-1.554846690e-07,9.999996838e-01
184,1.840000,5.070675777e-01,-8.517420953e-01,8.593782137e-01,5.283157517e-01,3.175981540e-07,-1.564088188e-07,9.999996824e-01
185,1.850000,5.599991549e-01,-8.168423462e-01,8.249011758e-01,5.822261931e-01,3.190202380e-07,-1.573413085e-07,9.999996810e-01
186,1.860000,6.106555152e-01,-7.786240529e-01,7.869780401e-01,6.339095387e-01,3.204774046e-07,-1.582818990e-07,9.999996795e-01
187,1.870000,6.588244995e-01,-7.372343743e-01,7.457505203e-01,6.831371149e-01,3.219714233e-07,-1.592303088e-07,9.999996780e-01
188,1.880000,7.043033662e-01,-6.928345686e-01,7.013765883e-01,7.296890285e-01,3.235039261e-07,-1.601862149e-07,9.999996765e-01
189,1.890000,7.468997972e-01,-6.455994004e-01,6.540299597e-01,7.733554574e-01,3.250763849e-07,-1.611492525e-07,9.999996749e-01
190,1.900000,7.864328672e-01,-5.957164683e-01,6.038994611e-01,8.139379161e-01,3.266900963e-07,-1.621190168e-07,9.999996733e-01
191,1.910000,8.227339708e-01,-5.433854535e-01,5.511882785e-01,8.512504824e-01,3.283461620e-07,-1.630950639e-07,9.999996717e-01
192,1.920000,8.556476979e-01,-4.888172937e-01,4.961130901e-01,8.851209733e-01,3.300454714e-07,-1.640769134e-07,9.999996700e-01
193,1.930000,8.850326511e-01,-4.322332842e-01,4.389030859e-01,9.153920558e-01,3.317886854e-07,-1.650640498e-07,9.999996682e-01
194,1.940000,9.107621982e-01,-3.738641118e-01,3.797988805e-01,9.419222820e-01,3.335762253e-07,-1.660559254e-07,9.999996664e-01
195,1.950000,9.327251536e-01,-3.139488270e-01,3.190513250e-01,9.645870335e-01,3.354082563e-07,-1.670519632e-07,9.999996646e-01
196,1.960000,9.508263813e-01,-2.527337588e-01,2.569202284e-01,9.832793669e-01,3.372846820e-07,-1.680515602e-07,9.999996627e-01
197,1.970000,9.649873155e-01,-1.904713811e-01,1.936729957e-01,9.979107474e-01,3.392051349e-07,-1.690540905e-07,9.999996608e-01
198,1.980000,9.751463933e-01,-1.274191360e-01,1.295831968e-01,1.008411663e+00,3.411689753e-07,-1.700589101e-07,9.999996588e-01
199,1.990000,9.812593956e-01,-6.383822218e-02,6.492907691e-02,1.014732110e+00,3.431752880e-07,-1.710653596e-07,9.999996568e-01
200,2.000000,9.832996928e-01,7.642122462e-06,-7.976540848e-06,1.016841946e+00,3.452228845e-07,-1.720727694e-07,9.999996548e-01
201,2.010000,9.812583930e-01,6.385347464e-02,-6.494499783e-02,1.014731100e+00,3.473103125e-07,-1.730804637e-07,9.999996527e-01
202,2.020000,9.751443921e-01,1.274342932e-01,-1.295990213e-01,1.008409646e+00,3.494358598e-07,-1.740877647e-07,9.999996506e-01
203,2.030000,9.649843238e-01,1.904863801e-01,-1.936886602e-01,9.979077325e-01,3.515975695e-07,-1.750939972e-07,9.999996484e-01
204,2.040000,9.508224112e-01,2.527485370e-01,-2.569356697e-01,9.832753662e-01,3.537932547e-07,-1.760984929e-07,9.999996462e-01
205,2.050000,9.327202211e-01,3.139633230e-01,-3.190664810e-01,9.645820636e-01,3.560205155e-07,-1.771005952e-07,9.999996440e-01
206,2.060000,9.107563231e-01,3.738782653e-01,-3.798136902e-01,9.419163631e-01,3.582767603e-07,-1.780996626e-07,9.999996417e-01
207,2.070000,8.850258570e-01,4.322470362e-01,-4.389174900e-01,9.153852123e-01,3.605592265e-07,-1.790950730e-07,9.999996394e-01
208,2.080000,8.556400123e-01,4.888305870e-01,-4.961270309e-01,8.851132329e-01,3.628650063e-07,-1.800862275e-07,9.999996371e-01
209,2.090000,8.227254245e-01,5.433982326e-01,-5.512017002e-01,8.512418769e-01,3.651910707e-07,-1.810725539e-07,9.999996348e-01
210,2.100000,7.864234946e-01,5.957286798e-01,-6.039123102e-01,8.139284805e-01,3.675342979e-07,-1.820535099e-07,9.999996325e-01
211,2.110000,7.468896359e-01,6.456109934e-01,-6.540421852e-01,7.733452302e-01,3.698914972e-07,-1.830285858e-07,9.999996301e-01
212,2.120000,7.042924570e-01,6.928454946e-01,-7.013881416e-01,7.296780511e-01,3.722594377e-07,-1.839973071e-07,9.999996277e-01
213,2.130000,6.588128860e-01,7.372445875e-01,-7.457613559e-01,6.831254317e-01,3.746348738e-07,-1.849592364e-07,9.999996254e-01
214,2.140000,6.106432440e-01,7.786335103e-01,-7.869881151e-01,6.338971970e-01,3.770145716e-07,-1.859139756e-07,9.999996230e-01
215,2.150000,5.599862752e-01,8.168510081e-01,-8.249104508e-01,5.822132426e-01,3.793953316e-07,-1.868611667e-07,9.999996206e-01
216,2.160000,5.070541408e-01,8.517499249e-01,-8.593866526e-01,5.283022445e-01,3.817740140e-07,-1.878004938e-07,9.999996182e-01
217,2.170000,4.520673846e-01,8.831977146e-01,-8.902916650e-01,4.724003544e-01,3.841475569e-07,-1.887316821e-07,9.999996159e-01
218,2.180000,3.952538769e-01,9.110768698e-01,-9.175173684e-01,4.147498942e-01,3.865129992e-07,-1.896544999e-07,9.999996135e-01
219,2.190000,3.368477446e-01,9.352852683e-01,-9.409727490e-01,3.555980606e-01,3.888674935e-07,-1.905687572e-07,9.999996111e-01
220,2.200000,2.770882938e-01,9.557364394e-01,-9.605839616e-01,2.951956486e-01,3.912083257e-07,-1.914743065e-07,9.999996088e-01
221,2.210000,2.162189318e-01,9.723597508e-01,-9.762942912e-01,2.337958055e-01,3.935329234e-07,-1.923710412e-07,9.999996065e-01
222,2.220000,1.544860946e-01,9.851005178e-01,-9.880640204e-01,1.716528214e-01,3.958388703e-07,-1.932588955e-07,9.999996042e-01
223,2.230000,9.213818515e-02,9.939200386e-01,-9.958702097e-01,1.090209652e-01,3.981239116e-07,-1.941378425e-07,9.999996019e-01
224,2.240000,2.942452840e-02,9.987955579e-01,-9.997063976e-01,4.615337043e-02,4.003859615e-07,-1.950078938e-07,9.999995996e-01
225,2.250000,-3.340565295e-02,9.997201612e-01,-9.995822296e-01,-1.669902224e-02,4.026231062e-07,-1.958690973e-07,9.999995974e-01
226,2.260000,-9.610423695e-02,9.967026064e-01,-9.955230225e-01,-7.928846407e-02,4.048336075e-07,-1.967215360e-07,9.999995952e-01
227,2.270000,-1.584251720e-01,9.897670925e-01,-9.875692748e-01,-1.413713344e-01,4.070159030e-07,-1.975653263e-07,9.999995930e-01
228,2.280000,-2.201254141e-01,9.789529733e-01,-9.757761276e-01,-2.027090132e-01,4.091686030e-07,-1.984006161e-07,9.999995908e-01
229,2.290000,-2.809658287e-01,9.643144169e-01,-9.602127872e-01,-2.630686886e-01,4.112904912e-07,-1.992275828e-07,9.999995887e-01
230,2.300000,-3.407120557e-01,9.459200174e-01,-9.409619136e-01,-3.222241002e-01,4.133805174e-07,-2.000464322e-07,9.999995866e-01
231,2.310000,-3.991353347e-01,9.238523614e-01,-9.181189850e-01,-3.799562176e-01,4.154377951e-07,-2.008573956e-07,9.999995846e-01
232,2.320000,-4.560132899e-01,8.982075544e-01,-8.917916418e-01,-4.360538574e-01,4.174615946e-07,-2.016607290e-07,9.999995825e-01
233,2.330000,-5.111306735e-01,8.690947093e-01,-8.620990180e-01,-4.903142395e-01,4.194513377e-07,-2.024567104e-07,9.999995805e-01
234,2.340000,-5.642800662e-01,8.366354032e-01,-8.291710649e-01,-5.425434853e-01,4.214065890e-07,-2.032456388e-07,9.999995786e-01
235,2.350000,-6.152625362e-01,8.009631035e-01,-7.931478712e-01,-5.925570620e-01,4.233270519e-07,-2.040278319e-07,9.999995767e-01
236,2.360000,-6.638882541e-01,7.622225679e-01,-7.541789845e-01,-6.401801744e-01,4.252125552e-07,-2.048036248e-07,9.999995748e-01
237,2.370000,-7.099770666e-01,7.205692220e-01,-7.124227370e-01,-6.852481092e-01,4.270630523e-07,-2.055733681e-07,9.999995729e-01
238,2.380000,-7.533590269e-01,6.761685158e-01,-6.680455789e-01,-7.276065353e-01,4.288786084e-07,-2.063374269e-07,9.999995711e-01
239,2.390000,-7.938748847e-01,6.291952633e-01,-6.212214218e-01,-7.671117627e-01,4.306593975e-07,-2.070961792e-07,9.999995693e-01
240,2.400000,-8.313765342e-01,5.798329664e-01,-5.721309928e-01,-8.036309653e-01,4.324056895e-07,-2.078500138e-07,9.999995676e-01
241,2.410000,-8.657274226e-01,5.282731267e-01,-5.209612028e-01,-8.370423695e-01,4.341178486e-07,-2.085993306e-07,9.999995659e-01
242,2.420000,-8.968029191e-01,4.747145451e-01,-4.679045269e-01,-8.672354146e-01,4.357963235e-07,-2.093445378e-07,9.999995642e-01
243,2.430000,-9.244906452e-01,4.193626138e-01,-4.131583995e-01,-8.941108849e-01,4.374416434e-07,-2.100860518e-07,9.999995626e-01
244,2.440000,-9.486907681e-01,3.624285995e-01,-3.569246227e-01,-9.175810207e-01,4.390544088e-07,-2.108242955e-07,9.999995609e-01
245,2.450000,-9.693162565e-01,3.041289207e-01,-2.994087878e-01,-9.375696076e-01,4.406352905e-07,-2.115596986e-07,9.999995594e-01
246,2.460000,-9.862931011e-01,2.446844197e-01,-2.408197093e-01,-9.540120489e-01,4.421850219e-07,-2.122926947e-07,9.999995578e-01
247,2.470000,-9.995604993e-01,1.843196314e-01,-1.813688695e-01,-9.668554227e-01,4.437043950e-07,-2.130237221e-07,9.999995563e-01
248,2.480000,-1.009071006e+00,1.232620477e-01,-1.212698728e-01,-9.760585260e-01,4.451942588e-07,-2.137532228e-07,9.999995548e-01
249,2.490000,-1.014790650e+00,6.174138035e-02,-6.073790822e-02,-9.815919066e-01,4.466555119e-07,-2.144816400e-07,9.999995533e-01
250,2.500000,-1.016699015e+00,-1.117808495e-05,1.078263410e-05,-9.834378855e-01,4.480891049e-07,-2.152094198e-07,9.999995519e-01
251,2.510000,-1.014789295e+00,-6.176369450e-02,6.075943268e-02,-9.815905701e-01,4.494960337e-07,-2.159370092e-07,9.999995505e-01
252,2.520000,-1.009068301e+00,-1.232842359e-01,1.212912750e-01,-9.760558579e-01,4.508773415e-07,-2.166648552e-07,9.999995491e-01
253,2.530000,-9.995564550e-01,-1.843416103e-01,1.813900683e-01,-9.668514327e-01,4.522341146e-07,-2.173934045e-07,9.999995478e-01
254,2.540000,-9.862877326e-01,-2.447061066e-01,2.408406244e-01,-9.540067514e-01,4.535674836e-07,-2.181231028e-07,9.999995464e-01
255,2.550000,-9.693095841e-01,-3.041502339e-01,2.994293397e-01,-9.375630218e-01,4.548786210e-07,-2.188543939e-07,9.999995451e-01
256,2.560000,-9.486828171e-01,-3.624494588e-01,3.569447331e-01,-9.175731706e-01,4.561687441e-07,-2.195877189e-07,9.999995438e-01
257,2.570000,-9.244814458e-01,-4.193829406e-01,4.131779917e-01,-8.941017990e-01,4.574391126e-07,-2.203235158e-07,9.999995426e-01
258,2.580000,-8.967925062e-01,-4.747342627e-01,4.679235259e-01,-8.672251260e-01,4.586910318e-07,-2.210622181e-07,9.999995413e-01
259,2.590000,-8.657158359e-01,-5.282921606e-01,5.209795356e-01,-8.370309159e-01,4.599258512e-07,-2.218042542e-07,9.999995401e-01
260,2.600000,-8.313638177e-01,-5.798512448e-01,5.721485885e-01,-8.036183886e-01,4.611449669e-07,-2.225500469e-07,9.999995389e-01
261,2.610000,-7.938610869e-01,-6.292127169e-01,6.212382122e-01,-7.670981091e-01,4.623498235e-07,-2.233000116e-07,9.999995377e-01
262,2.620000,-7.533442005e-01,-6.761850785e-01,6.680614986e-01,-7.275918551e-01,4.635419131e-07,-2.240545556e-07,9.999995365e-01
263,2.630000,-7.099612683e-01,-7.205848309e-01,7.124377233e-01,-6.852324567e-01,4.647227805e-07,-2.248140775e-07,9.999995353e-01
264,2.640000,-6.638715446e-01,-7.622371638e-01,7.541929783e-01,-6.401636077e-01,4.658940207e-07,-2.255789647e-07,9.999995341e-01
265,2.650000,-6.152449795e-01,-8.009766307e-01,7.931608167e-01,-5.925396427e-01,4.670572833e-07,-2.263495941e-07,9.999995329e-01
266,2.660000,-5.642617300e-01,-8.366478103e-01,8.291829100e-01,-5.425252786e-01,4.682142727e-07,-2.271263287e-07,9.999995318e-01
267,2.670000,-5.111116283e-01,-8.691059487e-01,8.621097145e-01,-4.902953136e-01,4.693667466e-07,-2.279095173e-07,9.999995306e-01
268,2.680000,-4.559936095e-01,-8.982175832e-01,8.918011456e-01,-4.360342837e-01,4.705165197e-07,-2.286994930e-07,9.999995295e-01
269,2.690000,-3.991150953e-01,-9.238611413e-01,9.181272564e-01,-3.799360702e-01,4.716654622e-07,-2.294965708e-07,9.999995283e-01
270,2.700000,-3.406913359e-01,-9.459275146e-01,9.409689173e-01,-3.222034557e-01,4.728154990e-07,-2.303010472e-07,9.999995272e-01
271,2.710000,-2.809447092e-01,-9.643206026e-01,9.602184926e-01,-2.630476259e-01,4.739686081e-07,-2.311131969e-07,9.999995260e-01
277,2.770000,9.215993123e-02,-9.939180393e-01,9.958677617e-01,1.090427898e-01,4.810685745e-07,-2.361595577e-07,9.999995189e-01
283,2.830000,4.520866833e-01,-8.831878232e-01,8.902812664e-01,4.724198654e-01,4.888211094e-07,-2.415212253e-07,9.999995112e-01
289,2.890000,7.469037079e-01,-6.455946320e-01,6.540251892e-01,7.733595920e-01,4.976882479e-07,-2.471858166e-07,9.999995023e-01
295,2.950000,9.327269949e-01,-3.139428682e-01,3.190452456e-01,9.645891216e-01,5.080201386e-07,-2.530885353e-07,9.999994920e-01
301,3.010000,9.812578298e-01,6.385976841e-02,-6.495151666e-02,1.014730754e+00,5.199222139e-07,-2.591170436e-07,9.999994801e-01
307,3.070000,8.850229054e-01,4.322527322e-01,-4.389234813e-01,9.153824169e-01,5.331711486e-07,-2.651316604e-07,9.999994668e-01
313,3.130000,6.588079193e-01,7.372488200e-01,-7.457659189e-01,6.831205537e-01,5.472468156e-07,-2.709958314e-07,9.999994528e-01
320,3.200000,2.770818471e-01,9.557381448e-01,-9.605860118e-01,2.951892224e-01,5.638202898e-07,-2.775109101e-07,9.999994362e-01
327,3.270000,-1.584318794e-01,9.897658535e-01,-9.875683862e-01,-1.413780809e-01,5.796278881e-07,-2.836019380e-07,9.999994204e-01
334,3.340000,-5.642857515e-01,8.366313621e-01,-8.291673736e-01,-5.425492776e-01,5.940185932e-07,-2.892822584e-07,9.999994060e-01
341,3.410000,-8.657309783e-01,5.282669534e-01,-5.209553543e-01,-8.370461160e-01,6.067298706e-07,-2.946359582e-07,9.999993933e-01
348,3.480000,-1.009071698e+00,1.232548192e-01,-1.212628960e-01,-9.760594920e-01,6.178062959e-07,-2.997898580e-07,9.999993822e-01
355,3.550000,-9.693071865e-01,-3.041572179e-01,2.994361972e-01,-9.375609429e-01,6.274906736e-07,-3.048910376e-07,9.999993725e-01
362,3.620000,-7.533390488e-01,-6.761905166e-01,6.680669599e-01,-7.275869921e-01,6.361539819e-07,-3.100912081e-07,9.999993638e-01
370,3.700000,-3.406841235e-01,-9.459298978e-01,9.409714560e-01,-3.221963930e-01,6.454275869e-07,-3.163377102e-07,9.999993546e-01
378,3.780000,1.545152071e-01,-9.850957670e-01,9.880589902e-01,1.716820884e-01,6.549144933e-07,-3.230676632e-07,9.999993451e-01
386,3.860000,6.106662480e-01,-7.786151966e-01,7.869692951e-01,6.339206789e-01,6.657013989e-07,-3.303551458e-07,9.999993343e-01
394,3.940000,9.107672526e-01,-3.738509481e-01,3.797854942e-01,9.419278500e-01,6.788002771e-07,-3.381291944e-07,9.999993212e-01
402,4.020000,9.751422366e-01,1.274484515e-01,-1.296136859e-01,1.008407901e+00,6.946599735e-07,-3.461610551e-07,9.999993053e-01
410,4.100000,7.864144587e-01,5.957401292e-01,-6.039244013e-01,8.139196619e-01,7.127584716e-07,-3.541268201e-07,9.999992872e-01
419,4.190000,3.368336031e-01,9.352900559e-01,-9.409782032e-01,3.555839600e-01,7.340917252e-07,-3.626420876e-07,9.999992659e-01
428,4.280000,-2.201402781e-01,9.789493212e-01,-9.757731527e-01,-2.027239622e-01,7.543928828e-07,-3.704739654e-07,9.999992456e-01
437,4.370000,-7.099880061e-01,7.205579785e-01,-7.124121799e-01,-6.852593048e-01,7.722873718e-07,-3.776467362e-07,9.999992277e-01
446,4.460000,-9.862966076e-01,2.446687601e-01,-2.408046291e-01,-9.540160471e-01,7.874093768e-07,-3.843660825e-07,9.999992126e-01
455,4.550000,-9.693043016e-01,-3.041657271e-01,2.994445587e-01,-9.375583921e-01,8.001030103e-07,-3.909278031e-07,9.999991999e-01
465,4.650000,-6.152315004e-01,-8.009864470e-01,7.931708047e-01,-5.925266863e-01,8.122817159e-07,-3.984230301e-07,9.999991877e-01
474,4.740000,-9.606554955e-02,-9.967059338e-01,9.955262863e-01,-7.924987611e-02,8.226913852e-07,-4.056715503e-07,9.999991773e-01
484,4.840000,5.070872798e-01,-8.517297133e-01,8.593661233e-01,5.283360078e-01,8.354345544e-07,-4.145188710e-07,9.999991646e-01
494,4.940000,9.107707065e-01,-3.738420677e-01,3.797764719e-01,9.419315900e-01,8.514127487e-07,-4.241660220e-07,9.999991486e-01
505,5.050000,9.327121241e-01,3.139860236e-01,-3.190900782e-01,9.645744513e-01,8.738571839e-07,-4.352107360e-07,9.999991261e-01
515,5.150000,5.599657476e-01,8.168646006e-01,-8.249250252e-01,5.821928403e-01,8.972321111e-07,-4.449713408e-07,9.999991028e-01
526,5.260000,-9.612934532e-02,9.966997775e-01,-9.955211626e-01,-7.931365047e-02,9.226704756e-07,-4.548317423e-07,9.999990773e-01
537,5.370000,-7.099952142e-01,7.205506845e-01,-7.124052275e-01,-6.852666012e-01,9.448999807e-07,-4.636836057e-07,9.999990551e-01
548,5.480000,-1.009073674e+00,1.232355987e-01,-1.212442545e-01,-9.760619965e-01,9.630312370e-07,-4.718634948e-07,9.999990370e-01
560,5.600000,-8.313477303e-01,-5.798731769e-01,5.721704374e-01,-8.036032951e-01,9.789820066e-07,-4.806603649e-07,9.999990210e-01
572,5.720000,-2.200767873e-01,-9.789632377e-01,9.757865150e-01,-2.026607612e-01,9.929639444e-07,-4.900436452e-07,9.999990070e-01
584,5.840000,5.070966432e-01,-8.517238668e-01,8.593603990e-01,5.283456050e-01,1.008047263e-06,-5.005558103e-07,9.999989920e-01
596,5.960000,9.508347079e-01,-2.526998494e-01,2.568856118e-01,9.832887567e-01,1.027734017e-06,-5.121986259e-07,9.999989723e-01
608,6.080000,8.556218790e-01,4.888612592e-01,-4.961590051e-01,8.850955354e-01,1.053314569e-06,-5.242333545e-07,9.999989467e-01
621,6.210000,2.161831510e-01,9.723672225e-01,-9.763029992e-01,2.337599987e-01,1.083982656e-06,-5.365182173e-07,9.999989160e-01
634,6.340000,-5.643109005e-01,8.366139423e-01,-8.291509398e-01,-5.425746006e-01,1.111856410e-06,-5.473928582e-07,9.999988881e-01
647,6.470000,-9.995667811e-01,1.842815764e-01,-1.813320222e-01,-9.668627005e-01,1.134154274e-06,-5.571709921e-07,9.999988658e-01
661,6.610000,-7.938358230e-01,-6.292431334e-01,6.212686050e-01,-7.670741942e-01,1.152799781e-06,-5.674473532e-07,9.999988472e-01
675,6.750000,-3.334339612e-02,-9.997213046e-01,9.995838174e-01,-1.663684256e-02,1.169103166e-06,-5.785906357e-07,9.999988309e-01
689,6.890000,7.469299900e-01,-6.455629763e-01,6.539934788e-01,7.733870444e-01,1.188138613e-06,-5.913333527e-07,9.999988119e-01
703,7.030000,9.649742756e-01,1.905336032e-01,-1.937374095e-01,9.978985738e-01,1.214660179e-06,-6.052782000e-07,9.999987853e-01
718,7.180000,3.952082537e-01,9.110960837e-01,-9.175381112e-01,4.147042586e-01,1.249575905e-06,-6.198387742e-07,9.999987504e-01
733,7.330000,-5.111742257e-01,8.690683791e-01,-8.620743062e-01,-4.903580426e-01,1.282514361e-06,-6.326410396e-07,9.999987175e-01
748,7.480000,-1.009076439e+00,1.232100265e-01,-1.212193624e-01,-9.760652638e-01,1.308257334e-06,-6.439376205e-07,9.999986917e-01
764,7.640000,-6.638302725e-01,-7.622714965e-01,7.542276710e-01,-6.401239167e-01,1.328957197e-06,-6.557634714e-07,9.999986710e-01
780,7.800000,2.771615710e-01,-9.557139194e-01,9.605619791e-01,2.952697307e-01,1.347896734e-06,-6.689852198e-07,9.999986521e-01
796,7.960000,9.508413780e-01,-2.526732967e-01,2.568585574e-01,9.832960410e-01,1.372960482e-06,-6.842729332e-07,9.999986270e-01
813,8.130000,6.587648861e-01,7.372866508e-01,-7.458053661e-01,6.830775490e-01,1.410311204e-06,-7.011807244e-07,9.999985897e-01
830,8.300000,-3.407735451e-01,9.458972127e-01,-9.409409011e-01,-3.222857380e-01,1.449057040e-06,-7.162679853e-07,9.999985509e-01
848,8.480000,-1.009078117e+00,1.231948585e-01,-1.212045724e-01,-9.760671834e-01,1.480870814e-06,-7.299748652e-07,9.999985191e-01
865,8.650000,-6.151890569e-01,-8.010176455e-01,7.932024368e-01,-5.924855952e-01,1.502733948e-06,-7.425713810e-07,9.999984973e-01
883,8.830000,4.521492467e-01,-8.831541170e-01,8.902484790e-01,4.724837648e-01,1.524498179e-06,-7.577432251e-07,9.999984755e-01
902,9.020000,9.751331556e-01,1.275125559e-01,-1.296795354e-01,1.008399719e+00,1.557725616e-06,-7.763465433e-07,9.999984423e-01
921,9.210000,2.161396380e-01,9.723768180e-01,-9.763132651e-01,2.337163382e-01,1.601823214e-06,-7.946299241e-07,9.999983982e-01
940,9.400000,-8.314234847e-01,5.797640215e-01,-5.720645438e-01,-8.036786392e-01,1.640696023e-06,-8.101089721e-07,9.999983593e-01
960,9.600000,-8.313132471e-01,-5.799207210e-01,5.722177504e-01,-8.035704862e-01,1.669435337e-06,-8.248091694e-07,9.999983306e-01
980,9.800000,2.771934610e-01,-9.557039697e-01,9.605525905e-01,2.953019895e-01,1.693124093e-06,-8.410599644e-07,9.999983069e-01
1000,10.000000,9.832984584e-01,1.043798143e-04,-1.071853390e-04,1.016842511e+00,1.726126578e-06,-8.603690124e-07,9.999982739e-01
1021,10.210000,2.161219570e-01,9.723807764e-01,-9.763173981e-01,2.336985835e-01,1.774437353e-06,-8.806674119e-07,9.999982256e-01
1043,10.430000,-9.245317975e-01,4.192690979e-01,-4.130678334e-01,-8.941532043e-01,1.818346046e-06,-8.983825127e-07,9.999981817e-01
1065,10.650000,-6.151600918e-01,-8.010390269e-01,7.932240803e-01,-5.924574598e-01,1.847961746e-06,-9.146462947e-07,9.999981520e-01
1087,10.870000,6.589084342e-01,-7.371564352e-01,7.456729858e-01,6.832238722e-01,1.875488551e-06,-9.335639564e-07,9.999981245e-01
1110,11.100000,7.863518804e-01,5.958219082e-01,-6.040086827e-01,8.138570010e-01,1.921052889e-06,-9.563874527e-07,9.999980790e-01
1133,11.330000,-5.112343099e-01,8.690329527e-01,-8.620399298e-01,-4.904179124e-01,1.972970204e-06,-9.767907260e-07,9.999980270e-01
1157,11.570000,-9.244280503e-01,-4.194953255e-01,4.132890095e-01,-8.940519956e-01,2.010957821e-06,-9.946577303e-07,9.999979890e-01
1181,11.810000,3.369880854e-01,-9.352318998e-01,9.409209388e-01,3.557403345e-01,2.039654206e-06,-1.014033355e-06,9.999979603e-01
1206,12.060000,9.107028076e-01,3.740058100e-01,-3.799450134e-01,9.418636435e-01,2.084409854e-06,-1.038471323e-06,9.999979156e-01
1231,12.310000,-3.992652872e-01,9.237956027e-01,-9.180648919e-01,-3.800860705e-01,2.141571402e-06,-1.061229136e-06,9.999978584e-01
1257,12.570000,-9.244187547e-01,-4.195150847e-01,4.133085321e-01,-8.940431992e-01,2.183572426e-06,-1.080695476e-06,9.999978164e-01
1283,12.830000,4.522199191e-01,-8.831162687e-01,8.902115536e-01,4.725557830e-01,2.214955275e-06,-1.101893761e-06,9.999977850e-01
1310,13.100000,7.863251553e-01,5.958571882e-01,-6.040447511e-01,8.138300114e-01,2.266282666e-06,-1.128463074e-06,9.999977337e-01
1337,13.370000,-7.100945952e-01,7.204521918e-01,-7.123094305e-01,-6.853657333e-01,2.325811562e-06,-1.151982981e-06,9.999976742e-01
1366,13.660000,-5.641174990e-01,-8.367408879e-01,8.292776695e-01,-5.423849446e-01,2.366962553e-06,-1.173536346e-06,9.999976330e-01
1394,13.940000,9.108295816e-01,-3.736931820e-01,3.796253939e-01,9.419939173e-01,2.404938376e-06,-1.198503269e-06,9.999975951e-01
1423,14.230000,9.195064984e-02,9.939372767e-01,-9.958898591e-01,1.088329926e-01,2.469488004e-06,-1.226585423e-06,9.999975305e-01
1453,14.530000,-9.995186691e-01,-1.845317099e-01,1.815765665e-01,-9.668180207e-01,2.523597523e-06,-1.249841149e-06,9.999974764e-01
1484,14.840000,5.072438173e-01,-8.516325562e-01,8.592707519e-01,5.284959905e-01,2.561574532e-06,-1.274893975e-06,9.999974384e-01
1515,15.150000,5.598100804e-01,8.169714573e-01,-8.250345486e-01,5.820358976e-01,2.623374998e-06,-1.305346877e-06,9.999973766e-01
1546,15.460000,-9.863438834e-01,2.444716573e-01,-2.406123540e-01,-9.540651385e-01,2.686164081e-06,-1.330778444e-06,9.999973138e-01
1579,15.790000,2.164612146e-01,-9.723011446e-01,9.762392816e-01,2.340401638e-01,2.727536137e-06,-1.356397946e-06,9.999972725e-01
1612,16.120000,7.041232116e-01,6.930169093e-01,-7.015642310e-01,7.295076678e-01,2.788854951e-06,-1.388521272e-06,9.999972112e-01
1646,16.460000,-9.863505276e-01,2.444444256e-01,-2.405856989e-01,-9.540718733e-01,2.858779885e-06,-1.416816663e-06,9.999971412e-01
1680,16.800000,2.773542953e-01,-9.556539972e-01,9.605052982e-01,2.954645953e-01,2.901428791e-06,-1.443325546e-06,9.999970986e-01
1715,17.150000,5.597628375e-01,8.170041869e-01,-8.250676996e-01,5.819880871e-01,2.968607320e-06,-1.477423515e-06,9.999970314e-01
1751,17.510000,-1.014769328e+00,-6.204068916e-02,6.103066066e-02,-9.815754455e-01,3.038706780e-06,-1.506499395e-06,9.999969613e-01
1788,17.880000,7.045074823e-01,-6.926200921e-01,7.011622477e-01,7.298999103e-01,3.085328538e-06,-1.536786562e-06,9.999969147e-01
1825,18.250000,-3.370904227e-02,9.997106556e-01,-9.995750522e-01,-1.700262830e-02,3.164451733e-06,-1.572469877e-06,9.999968356e-01
1864,18.640000,-6.636314732e-01,-7.624386423e-01,7.543959886e-01,-6.399309061e-01,3.227720874e-06,-1.602180203e-06,9.999967723e-01
1903,19.030000,9.649179688e-01,1.908125194e-01,-1.940226670e-01,9.978433245e-01,3.286041729e-06,-1.637733451e-06,9.999967140e-01
1943,19.430000,-9.246294708e-01,4.190525978e-01,-4.128559485e-01,-8.942506606e-01,3.371885876e-06,-1.672725380e-06,9.999966281e-01
1983,19.830000,4.523993411e-01,-8.830204129e-01,8.901179097e-01,4.727384367e-01,3.423266205e-06,-1.704162087e-06,9.999965767e-01
2025,20.250000,-3.377623656e-02,9.997089614e-01,-9.995731607e-01,-1.706982920e-02,3.509685853e-06,-1.744547228e-06,9.999964903e-01
2067,20.670000,-5.107779299e-01,-8.692937268e-01,8.623016639e-01,-4.899689813e-01,3.576427076e-06,-1.776588271e-06,9.999964236e-01
2111,21.110000,7.466248445e-01,6.459174002e-01,-6.543555082e-01,7.730778360e-01,3.649571545e-06,-1.817745771e-06,9.999963504e-01
2155,21.550000,-9.691806496e-01,-3.045437246e-01,2.998167935e-01,-9.374427454e-01,3.734556206e-06,-1.853571494e-06,9.999962655e-01
2200,22.000000,9.832965194e-01,4.479957332e-04,-4.579093217e-04,1.016843269e+00,3.797518586e-06,-1.892828874e-06,9.999962025e-01
2246,22.460000,-9.863985906e-01,2.442484351e-01,-2.403936503e-01,-9.541202193e-01,3.894480807e-06,-1.933048543e-06,9.999961055e-01
2293,22.930000,8.852367644e-01,-4.318018685e-01,4.384662494e-01,9.156059267e-01,3.956700233e-06,-1.971859023e-06,9.999960433e-01
2341,23.410000,-8.659799713e-01,5.278574621e-01,-5.205547884e-01,-8.372939615e-01,4.059032099e-06,-2.015394215e-06,9.999959410e-01
2390,23.900000,7.867389590e-01,-5.953000940e-01,6.034807264e-01,8.142552877e-01,4.124218744e-06,-2.054953074e-06,9.999958758e-01
2440,24.400000,-8.316775658e-01,5.794004907e-01,-5.717077800e-01,-8.039301577e-01,4.229938289e-06,-2.100684097e-06,9.999957701e-01
2492,24.920000,8.559193292e-01,-4.883273201e-01,4.956179803e-01,8.854042393e-01,4.300193135e-06,-2.142950494e-06,9.999956998e-01
2544,25.440000,-9.488925180e-01,3.618950459e-01,-3.564028450e-01,-9.177835376e-01,4.409204871e-06,-2.189697708e-06,9.999955908e-01
2597,25.970000,9.650995465e-01,-1.898751415e-01,1.930657035e-01,9.980316925e-01,4.481973425e-06,-2.233967492e-06,9.999955180e-01
2652,26.520000,-1.008987698e+00,-1.238965510e-01,1.218921691e-01,-9.759843919e-01,4.593645346e-06,-2.281577870e-06,9.999954064e-01
2707,27.070000,8.847376580e-01,4.328360970e-01,-4.395192341e-01,9.150943428e-01,4.675950204e-06,-2.330048392e-06,9.999953241e-01
2764,27.640000,-6.633583032e-01,-7.626690260e-01,7.546277228e-01,-6.396648338e-01,4.781280044e-06,-2.376532230e-06,9.999952187e-01
2822,28.220000,1.537906612e-01,9.852139805e-01,-9.881781235e-01,1.709545476e-01,4.883850793e-06,-2.430251575e-06,9.999951162e-01
2881,28.810000,3.375527769e-01,-9.350169169e-01,9.407143672e-01,3.563123453e-01,4.974142490e-06,-2.476693447e-06,9.999950259e-01
2941,29.410000,-8.661206650e-01,5.276283295e-01,-5.203292381e-01,-8.374324694e-01,5.094745714e-06,-2.531631238e-06,9.999949053e-01
3003,30.030000,9.648262792e-01,1.912735178e-01,-1.944927999e-01,9.977512639e-01,5.184846961e-06,-2.584167095e-06,9.999948152e-01
3066,30.660000,-5.635733784e-01,-8.370945485e-01,8.296364705e-01,-5.418526751e-01,5.301458416e-06,-2.636199343e-06,9.999946986e-01
3130,31.300000,-3.415196591e-01,9.456346346e-01,-9.406781346e-01,-3.230268697e-01,5.419251778e-06,-2.695158677e-06,9.999945808e-01
3196,31.960000,9.510514441e-01,-2.518554718e-01,2.560270013e-01,9.835177698e-01,5.515771509e-06,-2.749204855e-06,9.999944843e-01
3263,32.630000,-7.092922231e-01,-7.212230985e-01,7.130777661e-01,-6.845832619e-01,5.643207076e-06,-2.805967112e-06,9.999943568e-01
3331,33.310000,-4.000241991e-01,9.234748068e-01,-9.177435418e-01,-3.808385543e-01,5.766550665e-06,-2.868050137e-06,9.999942335e-01
3401,34.010000,9.811874411e-01,6.487364520e-02,-6.598631243e-02,1.014665297e+00,5.871042390e-06,-2.926315065e-06,9.999941290e-01
3472,34.720000,-2.190772574e-01,-9.791680413e-01,9.760085162e-01,-2.016695571e-01,5.998852941e-06,-2.985168297e-06,9.999940012e-01
3545,35.450000,-9.696381911e-01,3.030947979e-01,-2.983954599e-01,-9.378914647e-01,6.136985893e-06,-3.050833005e-06,9.999938631e-01
3619,36.190000,3.357743471e-01,9.356807492e-01,-9.413683038e-01,3.545155581e-01,6.257848733e-06,-3.115884264e-06,9.999937422e-01
3695,36.950000,9.330977452e-01,-3.128063417e-01,3.178910908e-01,9.649782380e-01,6.377001629e-06,-3.178408660e-06,9.999936230e-01
3773,37.730000,-1.571826651e-01,-9.899419410e-01,9.877653324e-01,-1.401361351e-01,6.517882603e-06,-3.244119017e-06,9.999934822e-01
3852,38.520000,-1.008904257e+00,-1.245456350e-01,1.225300933e-01,-9.759069174e-01,6.665091070e-06,-3.314060704e-06,9.999933350e-01
3932,39.320000,-4.572049154e-01,8.976126708e-01,-8.911988670e-01,-4.372345064e-01,6.804306895e-06,-3.385097992e-06,9.999931957e-01
4015,40.150000,5.588332630e-01,8.176522420e-01,-8.257179038e-01,5.810445004e-01,6.938868701e-06,-3.456341485e-06,9.999930612e-01
4099,40.990000,9.813465112e-01,-6.236978467e-02,6.343225717e-02,1.014830900e+00,7.075263587e-06,-3.526587543e-06,9.999929248e-01
4185,41.850000,5.612435853e-01,-8.159587080e-01,8.240275369e-01,5.834979874e-01,7.223718592e-06,-3.598902943e-06,9.999927763e-01
4272,42.720000,-2.185664640e-01,-9.792728237e-01,9.761217073e-01,-2.011626617e-01,7.379829339e-06,-3.673496955e-06,9.999926202e-01
4362,43.620000,-7.522407954e-01,-6.773777817e-01,6.692533674e-01,-7.265219277e-01,7.540867224e-06,-3.751657892e-06,9.999924592e-01
4453,44.530000,-9.992369648e-01,-1.859976634e-01,1.830182355e-01,-9.665532648e-01,7.702185699e-06,-3.831037327e-06,9.999922979e-01
4547,45.470000,-9.998739349e-01,1.825913523e-01,-1.796739472e-01,-9.671716507e-01,7.866283160e-06,-3.912709129e-06,9.999921338e-01
4642,46.420000,-8.976615096e-01,4.730975952e-01,-4.663151723e-01,-8.680821845e-01,8.031002908e-06,-3.995071891e-06,9.999919691e-01
4739,47.390000,-7.950656292e-01,6.277039651e-01,-6.197506844e-01,-7.682843813e-01,8.198493196e-06,-4.078865720e-06,9.999918016e-01
4839,48.390000,-7.951152462e-01,6.276420502e-01,-6.196893546e-01,-7.683330019e-01,8.371118530e-06,-4.164907863e-06,9.999916290e-01
4940,49.400000,-8.325649779e-01,5.781398846e-01,-5.704627830e-01,-8.048008557e-01,8.545489606e-06,-4.251703884e-06,9.999914546e-01
5044,50.440000,-9.494583761e-01,3.604187170e-01,-3.549508927e-01,-9.183396363e-01,8.724760797e-06,-4.340720336e-06,9.999912753e-01
5149,51.490000,-1.014916703e+00,5.950675010e-02,-5.854526557e-02,-9.817281304e-01,8.904983938e-06,-4.430420192e-06,9.999910951e-01
5257,52.570000,-9.234933833e-01,-4.214971446e-01,4.152673103e-01,-8.931542477e-01,9.088388663e-06,-4.522305450e-06,9.999909117e-01
5367,53.670000,-5.089845119e-01,-8.703068166e-01,8.633339342e-01,-4.882084154e-01,9.272940079e-06,-4.615936502e-06,9.999907271e-01
5480,54.800000,2.795626626e-01,-9.549690934e-01,9.598543401e-01,2.976957058e-01,9.461039734e-06,-4.712875162e-06,9.999905390e-01
5595,55.950000,9.335638743e-01,-3.113802916e-01,3.164436965e-01,9.654630251e-01,9.656876822e-06,-4.813211269e-06,9.999903432e-01
5712,57.120000,7.023382766e-01,6.948546786e-01,-7.034168504e-01,7.276880063e-01,9.866379046e-06,-4.916200102e-06,9.999901337e-01
5832,58.320000,-4.585874245e-01,8.969272943e-01,-8.905059158e-01,-4.386000436e-01,1.008419907e-05,-5.019901872e-06,9.999899159e-01
5954,59.540000,-9.855461919e-01,-2.475868611e-01,2.436764641e-01,-9.533031941e-01,1.029290856e-05,-5.122406382e-06,9.999897072e-01
6079,60.790000,2.192979374e-01,-9.716134887e-01,9.755975038e-01,2.368997363e-01,1.049552726e-05,-5.228246783e-06,9.999895046e-01
6206,62.060000,9.095033388e-01,3.769400388e-01,-3.829285801e-01,9.406387587e-01,1.071553902e-05,-5.340522924e-06,9.999892846e-01
6336,63.360000,-6.664456323e-01,7.600232481e-01,-7.519930612e-01,-6.426974132e-01,1.095509173e-05,-5.453262740e-06,9.999890450e-01
6469,64.690000,-3.958516756e-01,-9.251991747e-01,9.195101491e-01,-3.767192617e-01,1.117414450e-05,-5.564003701e-06,9.999888260e-01
6605,66.050000,9.315275940e-01,3.175085423e-01,-3.226750543e-01,9.633668203e-01,1.140380485e-05,-5.683701995e-06,9.999885963e-01
6743,67.430000,-9.260636674e-01,4.159051741e-01,-4.097564313e-01,-8.956564788e-01,1.165783175e-05,-5.802721163e-06,9.999883423e-01
6884,68.840000,5.105009169e-01,-8.496157959e-01,8.572850435e-01,5.318143443e-01,1.188322593e-05,-5.921139144e-06,9.999881169e-01
7029,70.290000,-2.849669111e-01,9.631898367e-01,-9.590595545e-01,-2.670418126e-01,1.214960033e-05,-6.050000594e-06,9.999878505e-01
7176,71.760000,3.378977108e-02,-9.985800299e-01,9.995665196e-01,5.052443182e-02,1.239074891e-05,-6.172121263e-06,9.999876094e-01
7326,73.260000,-1.006072058e-01,9.963141033e-01,-9.950929599e-01,-8.378217452e-02,1.266104775e-05,-6.305631506e-06,9.999873391e-01
7480,74.800000,2.816296282e-01,-9.543241099e-01,9.592403034e-01,2.997836708e-01,1.291363114e-05,-6.433763949e-06,9.999870865e-01
7637,76.370000,-7.134611946e-01,7.171749263e-01,-7.090513847e-01,-6.886710906e-01,1.320115623e-05,-6.572615416e-06,9.999867990e-01
7797,77.970000,9.659526447e-01,-1.853727914e-01,1.884872904e-01,9.989241482e-01,1.345856555e-05,-6.708201498e-06,9.999865416e-01
7960,79.600000,-8.282876717e-01,-5.841309778e-01,5.764021830e-01,-8.006388968e-01,1.375309822e-05,-6.847730290e-06,9.999862471e-01
8127,81.270000,-1.639027636e-01,9.889454492e-01,-9.866955684e-01,-1.468276605e-01,1.404430690e-05,-6.994842081e-06,9.999859559e-01
8297,82.970000,9.660771534e-01,-1.847080488e-01,1.878114522e-01,9.990538722e-01,1.432174227e-05,-7.138434695e-06,9.999856785e-01
8471,84.710000,-2.751484337e-01,-9.658831077e-01,9.618716298e-01,-2.573073009e-01,1.462909091e-05,-7.286532146e-06,9.999853711e-01
8649,86.490000,-1.015137196e+00,5.556216551e-02,-5.466865310e-02,-9.819516014e-01,1.494707010e-05,-7.441984053e-06,9.999850532e-01
8830,88.300000,-3.468523498e-01,9.437699429e-01,-9.387650396e-01,-3.283089156e-01,1.525912310e-05,-7.599649047e-06,9.999847411e-01
9015,90.150000,5.543515738e-01,8.207727665e-01,-8.288255466e-01,5.764849711e-01,1.557044105e-05,-7.758569663e-06,9.999844298e-01
9204,92.040000,9.489628248e-01,2.596984972e-01,-2.640080534e-01,9.813768331e-01,1.589009748e-05,-7.919907750e-06,9.999841102e-01
9397,93.970000,9.663761549e-01,-1.831022315e-01,1.861788725e-01,9.993651949e-01,1.622075755e-05,-8.084959088e-06,9.999837795e-01
9594,95.940000,9.136432231e-01,-3.666077978e-01,3.724432896e-01,9.449111604e-01,1.656039215e-05,-8.254056482e-06,9.999834399e-01
9795,97.950000,9.352373650e-01,-3.062103983e-01,3.111970075e-01,9.671986957e-01,1.690750970e-05,-8.427150583e-06,9.999830928e-01
10000,100.000000,9.832485218e-01,8.488028599e-03,-8.643773584e-03,1.016811672e+00,1.726263358e-05,-8.604271234e-06,9.999827377e-01
10210,102.100000,7.811264945e-01,6.027660906e-01,-6.110207153e-01,8.085107812e-01,1.763026814e-05,-8.786348027e-06,9.999823700e-01
10424,104.240000,2.035667179e-02,9.991450811e-01,-9.999517617e-01,3.707340473e-02,1.800839699e-05,-8.971388097e-06,9.999819919e-01
10643,106.430000,-9.283415728e-01,4.108675364e-01,-4.047870584e-01,-8.978780559e-01,1.839065885e-05,-9.158550035e-06,9.999816097e-01
10866,108.660000,-5.560532363e-01,-8.419492952e-01,8.345556410e-01,-5.344769992e-01,1.876665413e-05,-9.347697984e-06,9.999812337e-01
11093,110.930000,8.894684737e-01,-4.228282218e-01,4.293835670e-01,9.199825928e-01,1.914822617e-05,-9.543807478e-06,9.999808521e-01
11326,113.260000,-1.067357117e-01,9.957680584e-01,-9.944643761e-01,-8.989435734e-02,1.956663894e-05,-9.747548362e-06,9.999804337e-01
11563,115.630000,-7.019644131e-01,-7.281746502e-01,7.200410816e-01,-6.774345357e-01,1.997166362e-05,-9.947733018e-06,9.999800287e-01
11806,118.060000,9.062726062e-01,3.847525720e-01,-3.908556558e-01,9.373202531e-01,2.038332156e-05,-1.015920317e-05,9.999796171e-01
12053,120.530000,-9.972698402e-01,-1.960352952e-01,1.928975006e-01,-9.646691587e-01,2.082242408e-05,-1.037055876e-05,9.999791780e-01
12306,123.060000,9.058837562e-01,3.856812497e-01,-3.917975248e-01,9.369204299e-01,2.124656362e-05,-1.058946213e-05,9.999787539e-01
12564,125.640000,-6.538967885e-01,-7.705759441e-01,7.625746492e-01,-6.304176206e-01,2.169928409e-05,-1.080901000e-05,9.999783012e-01
12827,128.270000,-1.719080485e-01,9.877079194e-01,-9.853509464e-01,-1.547953964e-01,2.215853900e-05,-1.103916091e-05,9.999778420e-01
13096,130.960000,9.543636311e-01,-2.387161481e-01,2.426787574e-01,9.869591738e-01,2.260669160e-05,-1.126783433e-05,9.999773938e-01
13370,133.700000,-3.266747770e-01,-9.506004382e-01,9.458448140e-01,-3.083450490e-01,2.308738487e-05,-1.150215983e-05,9.999769131e-01
13651,136.510000,-1.013707443e+00,-7.696332207e-02,7.570235490e-02,-9.805812346e-01,2.358206186e-05,-1.174593281e-05,9.999764185e-01
13937,139.370000,-7.213553170e-01,7.093993775e-01,-7.012939609e-01,-6.963989065e-01,2.407768215e-05,-1.199373554e-05,9.999759229e-01
14229,142.290000,-2.970423613e-01,9.597250128e-01,-9.554498358e-01,-2.790147343e-01,2.457993481e-05,-1.224556326e-05,9.999754207e-01
14527,145.270000,-1.756724879e-01,9.871044312e-01,-9.846949296e-01,-1.585411402e-01,2.509364055e-05,-1.250206747e-05,9.999749070e-01
14832,148.320000,-4.721869734e-01,8.900725336e-01,-8.835383967e-01,-4.520127312e-01,2.562201226e-05,-1.276431653e-05,9.999743786e-01
15142,151.420000,-9.055149308e-01,4.581231413e-01,-4.515228231e-01,-8.757386939e-01,2.615822145e-05,-1.303015049e-05,9.999738425e-01
15460,154.600000,-8.198519819e-01,-5.956575375e-01,5.878596271e-01,-7.924408822e-01,2.670141136e-05,-1.330152587e-05,9.999732993e-01
15784,157.840000,5.246654060e-01,-8.406555064e-01,8.484497045e-01,5.462396571e-01,2.724851472e-05,-1.357964864e-05,9.999727522e-01
16115,161.150000,5.421220943e-01,8.291241228e-01,-8.371134165e-01,5.640348455e-01,2.782861402e-05,-1.386828097e-05,9.999721722e-01
16452,164.520000,-1.006078746e+00,-1.451369935e-01,1.427872749e-01,-9.732067984e-01,2.841775471e-05,-1.415619038e-05,9.999715831e-01
16797,167.970000,9.692024159e-01,-1.671602850e-01,1.699717399e-01,1.002302052e+00,2.899689876e-05,-1.445289280e-05,9.999710039e-01
17149,171.490000,-1.015950085e+00,3.782560334e-02,-3.722913265e-02,-9.827624322e-01,2.962217456e-05,-1.475640373e-05,9.999703787e-01
17509,175.090000,8.084726671e-01,5.647355738e-01,-5.727550728e-01,8.366273134e-01,3.023168054e-05,-1.506731439e-05,9.999697692e-01
17876,178.760000,5.582746176e-02,-9.972146046e-01,9.985732924e-01,7.260399663e-02,3.086392204e-05,-1.537968122e-05,9.999691370e-01
18250,182.500000,-1.016297707e+00,-2.709732614e-02,2.663892282e-02,-9.831007125e-01,3.152288017e-05,-1.570376792e-05,9.999684781e-01
18633,186.330000,-5.356236108e-01,8.546421179e-01,-8.474925069e-01,-5.144316190e-01,3.218513148e-05,-1.603527428e-05,9.999678159e-01
19024,190.240000,-4.448948046e-04,9.996761302e-01,-1.000175333e+00,1.625413383e-02,3.285686002e-05,-1.637209478e-05,9.999671442e-01
19422,194.220000,1.236618424e-01,9.899090035e-01,-9.924623248e-01,1.406775260e-01,3.354301570e-05,-1.671459523e-05,9.999664581e-01
19829,198.290000,-3.119518650e-01,9.552286797e-01,-9.507627625e-01,-2.937877116e-01,3.424906356e-05,-1.706477947e-05,9.999657521e-01
20245,202.450000,-9.788754908e-01,2.722277552e-01,-2.679969836e-01,-9.468894847e-01,3.496882626e-05,-1.742131487e-05,9.999650324e-01
20669,206.690000,-3.665131342e-01,-9.366701253e-01,9.313718058e-01,-3.477491152e-01,3.569033169e-05,-1.778353991e-05,9.999643109e-01
21103,211.030000,9.571657810e-01,2.269283207e-01,-2.307467891e-01,9.898801500e-01,3.643416035e-05,-1.815954531e-05,9.999635672e-01
21545,215.450000,-9.800567230e-01,2.680085146e-01,-2.638408352e-01,-9.480373897e-01,3.721356059e-05,-1.854011791e-05,9.999627878e-01
21996,219.960000,9.602351216e-01,-2.133698737e-01,2.169272731e-01,9.930441561e-01,3.797376879e-05,-1.892707577e-05,9.999620277e-01
22457,224.570000,-9.065123894e-01,-4.561917491e-01,4.495749037e-01,-8.767104257e-01,3.878425521e-05,-1.932345595e-05,9.999612172e-01
22928,229.280000,-2.621390416e-01,9.692112364e-01,-9.654929244e-01,-2.444283949e-01,3.959992530e-05,-1.973190543e-05,9.999604016e-01
23409,234.090000,7.969770869e-01,5.811492752e-01,-5.893035117e-01,8.248255882e-01,4.041949205e-05,-2.014500420e-05,9.999595821e-01
23899,238.990000,9.831336680e-01,-1.612249965e-02,1.637519568e-02,1.016724385e+00,4.126067533e-05,-2.056534569e-05,9.999587410e-01
24400,244.000000,9.820223404e-01,4.975560050e-02,-5.063452086e-02,1.015577915e+00,4.212617637e-05,-2.099669093e-05,9.999578756e-01
24912,249.120000,6.675343579e-01,7.290808866e-01,-7.376962049e-01,6.920975689e-01,4.301688363e-05,-2.143892433e-05,9.999569850e-01
25434,254.340000,-6.075821174e-01,8.065608717e-01,-7.988880432e-01,-5.850844081e-01,4.392912569e-05,-2.188837418e-05,9.999560728e-01
25967,259.670000,-4.625271277e-01,-8.949679663e-01,8.884920620e-01,-4.424957131e-01,4.483988791e-05,-2.234339376e-05,9.999551621e-01
26511,265.110000,7.078086925e-01,6.890817862e-01,-6.977048897e-01,7.333365741e-01,4.577756942e-05,-2.281506772e-05,9.999542245e-01
27067,270.670000,-4.582807558e-01,-8.970691558e-01,8.906413221e-01,-4.383129707e-01,4.673942829e-05,-2.329015324e-05,9.999532628e-01
27634,276.340000,-6.151822014e-01,8.009320749e-01,-7.932214848e-01,-5.925402851e-01,4.772832113e-05,-2.378189165e-05,9.999522740e-01
28214,282.140000,5.578518678e-01,8.182698304e-01,-8.264194688e-01,5.800861619e-01,4.872054780e-05,-2.428114452e-05,9.999512818e-01
28805,288.050000,9.086875988e-01,3.788226626e-01,-3.848835456e-01,9.398534232e-01,4.973561516e-05,-2.478881845e-05,9.999502669e-01
29409,294.090000,7.814201538e-01,6.023079300e-01,-6.106151614e-01,8.088566472e-01,5.078109156e-05,-2.530921449e-05,9.999492215e-01
30025,300.250000,-1.072364260e-01,9.956709285e-01,-9.944451833e-01,-9.040351192e-02,5.185460473e-05,-2.584031568e-05,9.999481481e-01
30654,306.540000,-9.648621128e-01,-3.175888406e-01,3.126740136e-01,-9.333275508e-01,5.294072458e-05,-2.637888161e-05,9.999470621e-01
31297,312.970000,9.772148958e-01,-1.097292499e-01,1.115732207e-01,1.010617803e+00,5.403603118e-05,-2.693265157e-05,9.999459669e-01
31953,319.530000,-9.809645844e-01,-2.647048587e-01,2.605342179e-01,-9.489316877e-01,5.518452024e-05,-2.749711762e-05,9.999448185e-01
32623,326.230000,4.931847922e-03,9.995370712e-01,-1.000188802e+00,2.163212265e-02,5.634056541e-05,-2.807656837e-05,9.999436626e-01
33307,333.070000,8.412744449e-01,5.134860216e-01,-5.211090134e-01,8.704052469e-01,5.751204881e-05,-2.866423494e-05,9.999424913e-01
34005,340.050000,8.980705943e-01,4.037526952e-01,-4.101484041e-01,9.289166868e-01,5.871644663e-05,-2.926480855e-05,9.999412870e-01
34717,347.170000,3.619453334e-01,9.253155782e-01,-9.314820385e-01,3.810404964e-01,5.995376223e-05,-2.987888929e-05,9.999400498e-01
35445,354.450000,-9.951526535e-01,2.060747729e-01,-2.028470502e-01,-9.626949015e-01,6.121800411e-05,-3.050399304e-05,9.999387857e-01
36188,361.880000,7.751979589e-01,-6.105112329e-01,6.187843006e-01,8.024461811e-01,6.248260983e-05,-3.114162450e-05,9.999375213e-01
36947,369.470000,-1.013796662e+00,7.515485082e-02,-7.397944813e-02,-9.807379291e-01,6.381171226e-05,-3.179665893e-05,9.999361924e-01
37721,377.210000,1.011362039e-01,9.927914397e-01,-9.950609063e-01,1.180599498e-01,6.514475382e-05,-3.246493143e-05,9.999348595e-01
38512,385.120000,6.138561220e-01,7.759169546e-01,-7.844229403e-01,6.372508664e-01,6.650545521e-05,-3.314536901e-05,9.999334990e-01
39319,393.190000,2.152244309e-01,9.724902446e-01,-9.765842128e-01,2.328178509e-01,6.790384460e-05,-3.384051861e-05,9.999321008e-01
40143,401.430000,-9.711424748e-01,2.980533575e-01,-2.934945330e-01,-9.394594453e-01,6.933280561e-05,-3.454840045e-05,9.999306720e-01
40984,409.840000,6.199578527e-01,-7.709947900e-01,7.794019853e-01,6.434476287e-01,7.076712588e-05,-3.526989735e-05,9.999292379e-01
41843,418.430000,-9.744195986e-01,2.873403688e-01,-2.829346860e-01,-9.426390671e-01,7.226922281e-05,-3.601186798e-05,9.999277360e-01
42720,427.200000,1.309302540e-01,9.887879114e-01,-9.915651964e-01,1.479879697e-01,7.377925227e-05,-3.676839659e-05,9.999262262e-01
43616,436.160000,3.674368250e-01,9.230252130e-01,-9.292999742e-01,3.866125946e-01,7.532465357e-05,-3.753962090e-05,9.999246810e-01
44530,445.300000,-4.884037420e-01,8.814964321e-01,-8.749123147e-01,-4.680351946e-01,7.691016313e-05,-3.832640002e-05,9.999230958e-01
45463,454.630000,-5.800657933e-01,-8.260377315e-01,8.184750167e-01,-5.580921724e-01,7.851398063e-05,-3.912592005e-05,9.999214922e-01
46416,464.160000,3.482373004e-01,9.307727075e-01,-9.368098918e-01,3.671735366e-01,8.016169088e-05,-3.995023400e-05,9.999198447e-01
47389,473.890000,8.532366946e-01,-4.929922202e-01,5.003280772e-01,8.827115869e-01,8.183047523e-05,-4.078467392e-05,9.999181762e-01
48383,483.830000,6.130241378e-01,-7.766591600e-01,7.850387416e-01,6.363719756e-01,8.354842227e-05,-4.163985346e-05,9.999164586e-01
49397,493.970000,9.831599767e-01,1.127910710e-02,-1.152390163e-02,1.016811181e+00,8.530078909e-05,-4.251464773e-05,9.999147065e-01
50432,504.320000,-6.306607313e-01,7.890564467e-01,-7.813452918e-01,-6.077619632e-01,8.710653288e-05,-4.340757255e-05,9.999129011e-01
51489,514.890000,8.692902370e-01,-4.635179401e-01,4.705406328e-01,8.992534123e-01,8.891351783e-05,-4.431476785e-05,9.999110944e-01
52568,525.680000,-2.446351825e-01,-9.734984394e-01,9.699722121e-01,-2.270682141e-01,9.078489662e-05,-4.524279692e-05,9.999092233e-01
53670,536.700000,-1.116795134e-01,-9.953008761e-01,9.938938154e-01,-9.483364111e-02,9.268759653e-05,-4.619158375e-05,9.999073210e-01
54795,547.950000,9.807814361e-01,-6.977682965e-02,7.092225758e-02,1.014359186e+00,9.462623276e-05,-4.716222432e-05,9.999053827e-01
55944,559.440000,-1.009522147e+00,1.186213360e-01,-1.167784051e-01,-9.766600881e-01,9.662889323e-05,-4.815212748e-05,9.999033804e-01
57116,571.160000,2.622315406e-01,9.600197104e-01,-9.649000035e-01,2.802422889e-01,9.864831738e-05,-4.916312510e-05,9.999013614e-01
58314,583.140000,3.705963494e-01,9.216632639e-01,-9.280404058e-01,3.898300900e-01,1.007171153e-04,-5.019462086e-05,9.998992930e-01
59536,595.360000,-8.527180237e-01,5.483585395e-01,-5.410489064e-01,-8.245639223e-01,1.028362324e-04,-5.124607254e-05,9.998971743e-01
60784,607.840000,7.388292692e-01,-6.549378312e-01,6.634107530e-01,7.651502971e-01,1.049733740e-04,-5.231795881e-05,9.998950376e-01
62058,620.580000,-7.093738792e-01,-7.210537015e-01,7.129312990e-01,-6.847522863e-01,1.071866585e-04,-5.341507130e-05,9.998928248e-01
63359,633.590000,-6.531597175e-01,-7.711152179e-01,7.631393378e-01,-6.297658135e-01,1.094340664e-04,-5.453531112e-05,9.998905779e-01
64687,646.870000,8.689987210e-01,-4.640436316e-01,4.710709181e-01,8.989741815e-01,1.117173755e-04,-5.567944597e-05,9.998882951e-01
66042,660.420000,-1.006260491e+00,1.431452682e-01,-1.409316486e-01,-9.735351986e-01,1.140774565e-04,-5.684784798e-05,9.998859356e-01
67427,674.270000,-5.063584506e-01,8.715825331e-01,-8.649086227e-01,-4.857493001e-01,1.164708661e-04,-5.804217774e-05,9.998835427e-01
68840,688.400000,-9.885950216e-01,2.347484386e-01,-2.311484585e-01,-9.564478228e-01,1.189130183e-04,-5.925770608e-05,9.998811011e-01
70283,702.830000,7.639149859e-01,-6.248182993e-01,6.331698044e-01,7.909047290e-01,1.213880117e-04,-6.049841603e-05,9.998786267e-01
71756,717.560000,-7.233437461e-01,-7.073552983e-01,6.992289109e-01,-6.984169210e-01,1.239458292e-04,-6.176703913e-05,9.998760695e-01
73260,732.600000,-5.121794663e-01,-8.684197006e-01,8.614510827e-01,-4.914222793e-01,1.265427086e-04,-6.306201613e-05,9.998734733e-01
74796,747.960000,9.614128498e-01,2.074175083e-01,-2.110094445e-01,9.944001830e-01,1.291901154e-04,-6.438723005e-05,9.998708266e-01
76363,763.630000,-3.060565739e-01,-9.570235881e-01,9.525973306e-01,-2.879752052e-01,1.319036149e-04,-6.573441157e-05,9.998681138e-01
77964,779.640000,-2.260739530e-01,-9.776378476e-01,9.744117384e-01,-2.086558228e-01,1.346700167e-04,-6.711334527e-05,9.998653481e-01
79598,795.980000,9.049496935e-01,3.875712670e-01,-3.938554427e-01,9.361238357e-01,1.374913486e-04,-6.852375903e-05,9.998625276e-01
81267,812.670000,3.331970212e-03,-9.996024567e-01,1.000121469e+00,2.002392093e-02,1.403771122e-04,-6.995834009e-05,9.998596426e-01
82970,829.700000,2.129627465e-01,-9.730751788e-01,9.770003976e-01,2.305299596e-01,1.433191394e-04,-7.142532008e-05,9.998567014e-01
84709,847.090000,3.764110143e-01,9.191251489e-01,-9.256868767e-01,3.957523394e-01,1.463335002e-04,-7.292756326e-05,9.998536879e-01
86485,864.850000,9.268115078e-01,-3.309766454e-01,3.362956916e-01,9.586416156e-01,1.493919603e-04,-7.445459628e-05,9.998506304e-01
88297,882.970000,8.813002874e-01,4.395332126e-01,-4.464921879e-01,9.117623179e-01,1.525288613e-04,-7.601733507e-05,9.998474944e-01
90148,901.480000,-8.796180279e-01,-5.050277840e-01,4.979299322e-01,-8.507266474e-01,1.557386177e-04,-7.760996420e-05,9.998442856e-01
92038,920.380000,-1.014644788e+00,6.114849991e-02,-6.026354927e-02,-9.817192217e-01,1.590098093e-04,-7.923944015e-05,9.998410155e-01
93967,939.670000,1.837204143e-01,-9.795067139e-01,9.829820199e-01,2.010781958e-01,1.623301578e-04,-8.089892462e-05,9.998376962e-01
95937,959.370000,-1.014447751e+00,6.415742429e-02,-6.322919593e-02,-9.815402865e-01,1.657507601e-04,-8.259859939e-05,9.998342767e-01
97947,979.470000,-8.499944161e-01,-5.525180913e-01,5.450259049e-01,-8.219342882e-01,1.692217863e-04,-8.432903146e-05,9.998308068e-01
100001,1000.010000,6.110675397e-01,7.779854855e-01,-7.866992178e-01,6.345188667e-01,1.727681061e-04,-8.610162727e-05,9.998272617e-01
102097,1020.970000,7.653862221e-01,6.227227246e-01,-6.313567453e-01,7.925573261e-01,1.763900646e-04,-8.790724729e-05,9.998236410e-01
104237,1042.370000,-1.014125289e+00,-6.895672621e-02,6.774916694e-02,-9.812387663e-01,1.801013791e-04,-8.974974922e-05,9.998199311e-01
106421,1064.210000,-6.499652880e-01,7.734628577e-01,-7.658651878e-01,-6.268037008e-01,1.838795599e-04,-9.163347648e-05,9.998161542e-01
108652,1086.520000,-4.927969813e-01,-8.791565617e-01,8.724004164e-01,-4.723861231e-01,1.877281714e-04,-9.355233953e-05,9.998123071e-01
110929,1109.290000,-9.687996726e-01,3.049349621e-01,-3.004177905e-01,-9.374044806e-01,1.916753147e-04,-9.551713441e-05,9.998083614e-01
113255,1132.550000,-2.408907060e-01,-9.743191971e-01,9.708847679e-01,-2.233850093e-01,1.956860717e-04,-9.751875461e-05,9.998043522e-01
115629,1156.290000,-9.913540568e-01,2.225721143e-01,-2.192301429e-01,-9.592601845e-01,1.998035287e-04,-9.956734588e-05,9.998002364e-01
118052,1180.520000,-3.347460887e-01,-9.478409194e-01,9.430310367e-01,-3.164054941e-01,2.039835210e-04,-1.016529502e-04,9.997960581e-01
120527,1205.270000,-9.840089014e-01,2.525276705e-01,-2.487595301e-01,-9.521642589e-01,2.082752141e-04,-1.037887266e-04,9.997917682e-01
123053,1230.530000,-1.792058858e-01,-9.864761232e-01,9.840134108e-01,-1.620977024e-01,2.126321685e-04,-1.059630839e-04,9.997874130e-01
125632,1256.320000,-1.004576144e+00,-1.537883782e-01,1.512346217e-01,-9.720460226e-01,2.171037385e-04,-1.081878935e-04,9.997829434e-01
128265,1282.650000,6.282326963e-01,-7.639930323e-01,7.724581853e-01,6.519836296e-01,2.216420650e-04,-1.104558950e-04,9.997784070e-01
130954,1309.540000,4.621133426e-02,-9.977880168e-01,9.990482839e-01,6.295818632e-02,2.262978935e-04,-1.127733473e-04,9.997737533e-01
133699,1336.990000,1.415137309e-01,9.869020217e-01,-9.902635690e-01,1.586580952e-01,2.310561288e-04,-1.151440283e-04,9.997689972e-01
136501,1365.010000,-4.538619088e-02,9.990736773e-01,-9.993656209e-01,-2.871173375e-02,2.359054760e-04,-1.175595445e-04,9.997641502e-01
139362,1393.620000,6.686731502e-01,-7.279255871e-01,7.364937137e-01,6.933550732e-01,2.408404355e-04,-1.200220586e-04,9.997592176e-01
142284,1422.840000,7.754477208e-01,6.097348104e-01,-6.184132400e-01,8.029811962e-01,2.459022749e-04,-1.225442505e-04,9.997541582e-01
145266,1452.660000,8.954176009e-01,-4.094673949e-01,4.158343970e-01,9.263441122e-01,2.510557322e-04,-1.251128879e-04,9.997490073e-01
148311,1483.110000,-8.149392935e-01,6.016393817e-01,-5.942492790e-01,-7.880452676e-01,2.563444381e-04,-1.277406849e-04,9.997437213e-01
151419,1514.190000,-1.013509228e+00,7.591393122e-02,-7.486700772e-02,-9.807968868e-01,2.617217929e-04,-1.304194167e-04,9.997383467e-01
154593,1545.930000,2.789411115e-02,9.984430014e-01,-1.000040029e+00,4.461292376e-02,2.672115462e-04,-1.331582919e-04,9.997328598e-01
157834,1578.340000,-5.462097275e-01,-8.480066619e-01,8.407702150e-01,-5.249739384e-01,2.728161325e-04,-1.359490535e-04,9.997272583e-01
161142,1611.420000,1.116117390e-02,-9.993586999e-01,1.000052277e+00,2.784835378e-02,2.785364291e-04,-1.388013434e-04,9.997215411e-01
164520,1645.200000,-9.663689717e-01,-3.123736999e-01,3.074943294e-01,-9.351145721e-01,2.843945607e-04,-1.417161844e-04,9.997156863e-01
167968,1679.680000,9.398009097e-01,2.906321864e-01,-2.956987588e-01,9.723083773e-01,2.903503088e-04,-1.446911010e-04,9.997097340e-01
171489,1714.890000,-1.691571303e-01,9.876926742e-01,-9.861068879e-01,-1.521797340e-01,2.964589306e-04,-1.477295587e-04,9.997036289e-01
175083,1750.830000,1.052698683e-01,9.919174331e-01,-9.948826457e-01,1.222410259e-01,3.026787986e-04,-1.508295343e-04,9.996974128e-01
178753,1787.530000,9.213805269e-01,-3.457501801e-01,3.512519217e-01,9.532013471e-01,3.090185760e-04,-1.539921368e-04,9.996910769e-01
182500,1825.000000,-9.301712843e-01,4.058010814e-01,-4.001727874e-01,-9.001705441e-01,3.155256038e-04,-1.572262450e-04,9.996845739e-01
186325,1863.250000,-3.367234139e-01,-9.471158682e-01,9.423171950e-01,-3.184111113e-01,3.221376841e-04,-1.605229918e-04,9.996779661e-01
190231,1902.310000,1.527526896e-01,-9.852668616e-01,9.883007842e-01,1.699260651e-01,3.288973485e-04,-1.638926471e-04,9.996712108e-01
194218,1942.180000,-5.128925844e-01,-8.678820998e-01,8.609702847e-01,-4.922522665e-01,3.358081177e-04,-1.673329067e-04,9.996643046e-01
198289,1982.890000,-8.324016480e-01,5.775398497e-01,-5.704303101e-01,-8.051924050e-01,3.428682844e-04,-1.708486558e-04,9.996572492e-01
202445,2024.450000,9.763382572e-01,-1.153133076e-01,1.171236290e-01,1.010080488e+00,3.500479007e-04,-1.744331151e-04,9.996500746e-01
206689,2066.890000,-9.581083916e-01,3.358326714e-01,-3.310998468e-01,-9.273359208e-01,3.574176761e-04,-1.780965645e-04,9.996427100e-01
211021,2110.210000,2.038266598e-01,-9.750944448e-01,9.789436930e-01,2.213458333e-01,3.649062703e-04,-1.818320226e-04,9.996352268e-01
215444,2154.440000,9.464575295e-01,2.674495838e-01,-2.722387061e-01,9.792988714e-01,3.725683106e-04,-1.856519927e-04,9.996275704e-01
219960,2199.600000,1.047530722e-01,9.918583155e-01,-9.950204015e-01,1.217316186e-01,3.804038300e-04,-1.895514312e-04,9.996197408e-01
224570,2245.700000,-6.376978943e-01,7.829419054e-01,-7.758453316e-01,-6.150643172e-01,3.883963044e-04,-1.935301374e-04,9.996117545e-01
229277,2292.770000,-9.732218478e-01,2.898708911e-01,-2.857834528e-01,-9.420490082e-01,3.965527417e-04,-1.975922404e-04,9.996036045e-01
234083,2340.830000,-9.839032923e-01,-2.524330457e-01,2.483608762e-01,-9.522931251e-01,4.048788428e-04,-2.017399780e-04,9.995952850e-01
238990,2389.900000,-6.569358504e-01,-7.677394303e-01,7.598268835e-01,-6.337080551e-01,4.133783163e-04,-2.059752199e-04,9.995867925e-01
243999,2439.990000,4.688313489e-02,-9.976659196e-01,9.989992290e-01,6.362182675e-02,4.220534004e-04,-2.102993733e-04,9.995781247e-01
249114,2491.140000,9.229134430e-01,-3.413145059e-01,3.467323700e-01,9.549119443e-01,4.309151297e-04,-2.147173408e-04,9.995692705e-01
254335,2543.350000,3.389983821e-01,9.337627287e-01,-9.405677965e-01,3.580376819e-01,4.399780317e-04,-2.192287740e-04,9.995602155e-01
259666,2596.660000,-9.925578412e-01,-2.163449533e-01,2.127802042e-01,-9.607528987e-01,4.492252721e-04,-2.238301511e-04,9.995509764e-01
265109,2651.090000,9.827900413e-01,1.415683127e-02,-1.467816416e-02,1.016925495e+00,4.586473679e-04,-2.285313815e-04,9.995415629e-01
270666,2706.660000,-7.895458560e-01,-6.339803437e-01,6.260637247e-01,-7.633694078e-01,4.682954131e-04,-2.333299116e-04,9.995319238e-01
276339,2763.390000,-7.582918037e-01,6.697001947e-01,-6.624969279e-01,-7.331584241e-01,4.781397607e-04,-2.382330949e-04,9.995220887e-01
282131,2821.310000,-5.808772714e-01,8.246200508e-01,-8.181314901e-01,-5.594464222e-01,4.881847820e-04,-2.432369983e-04,9.995120534e-01
288045,2880.450000,-1.002168557e+00,-1.668321532e-01,1.639821897e-01,-9.701509065e-01,4.984412076e-04,-2.483442789e-04,9.995018071e-01
294083,2940.830000,9.374604564e-01,-2.980320783e-01,3.027922650e-01,9.700304751e-01,5.088986199e-04,-2.535607480e-04,9.994913602e-01
300247,3002.470000,-6.620603563e-01,-7.633496072e-01,7.554445964e-01,-6.388139014e-01,5.196042093e-04,-2.588862665e-04,9.994806656e-01
306540,3065.400000,-7.533306506e-01,-6.756651805e-01,6.676484976e-01,-7.280858867e-01,5.305243538e-04,-2.643247659e-04,9.994697570e-01
312965,3129.650000,8.599026109e-01,-4.804497700e-01,4.876379432e-01,8.899905148e-01,5.416607853e-04,-2.698778473e-04,9.994586325e-01
319525,3195.250000,-9.091451978e-01,-4.500684175e-01,4.435174582e-01,-8.799164719e-01,5.530606908e-04,-2.755482579e-04,9.994472450e-01
326223,3262.230000,-7.868048970e-01,-6.371998663e-01,6.292882678e-01,-7.607945107e-01,5.646845148e-04,-2.813377773e-04,9.994356342e-01
333061,3330.610000,9.319788830e-01,3.142388841e-01,-3.199762786e-01,9.646402528e-01,5.765446134e-04,-2.872512450e-04,9.994237876e-01
340042,3400.420000,8.588629102e-01,-4.822825921e-01,4.894890376e-01,8.889605665e-01,5.886609060e-04,-2.932852030e-04,9.994116854e-01
347169,3471.690000,-6.373348862e-02,9.977973133e-01,-9.987576435e-01,-4.712502721e-02,6.010512566e-04,-2.994512799e-04,9.993993098e-01
354446,3544.460000,8.183336899e-01,5.487606041e-01,-5.575585553e-01,8.475621663e-01,6.136778784e-04,-3.057432370e-04,9.993866985e-01
361875,3618.750000,-9.693629214e-01,3.013155589e-01,-2.973314700e-01,-9.387173809e-01,6.265936176e-04,-3.121679740e-04,9.993737988e-01
369461,3694.610000,-7.630238180e-01,6.640658339e-01,-6.571744231e-01,-7.380304058e-01,6.397704915e-04,-3.187304081e-04,9.993606386e-01
377205,3772.050000,7.764477221e-01,-6.083499146e-01,6.166487236e-01,8.041712894e-01,6.532040228e-04,-3.254264844e-04,9.993472224e-01
385111,3851.110000,9.566679840e-01,2.262413659e-01,-2.306411012e-01,9.902576247e-01,6.669426214e-04,-3.322683784e-04,9.993335019e-01
393183,3931.830000,4.932203467e-01,-8.597544694e-01,8.674181094e-01,5.144855590e-01,6.809679505e-04,-3.392504052e-04,9.993194955e-01
401425,4014.250000,-5.776183428e-01,8.264502751e-01,-8.204562047e-01,-5.565057877e-01,6.953090846e-04,-3.463866649e-04,9.993051740e-01
409839,4098.390000,-9.200214829e-01,-4.274939985e-01,4.211793202e-01,-8.906914807e-01,7.099304119e-04,-3.536660939e-04,9.992905732e-01
418429,4184.290000,-9.388857850e-01,-3.850433609e-01,3.792025754e-01,-9.090456727e-01,7.248637124e-04,-3.611015588e-04,9.992756613e-01
427200,4272.000000,-7.107272413e-01,7.182985132e-01,-7.116389616e-01,-6.870746798e-01,7.401172431e-04,-3.686969340e-04,9.992604301e-01
436154,4361.540000,9.803018732e-01,6.777996880e-02,-6.945622955e-02,1.014765386e+00,7.556699593e-04,-3.764477612e-04,9.992449006e-01
445296,4452.960000,-9.917363701e-01,-2.185675924e-01,2.148841711e-01,-9.604462920e-01,7.715850544e-04,-3.843636281e-04,9.992290098e-01
454630,4546.300000,9.778232710e-01,-9.808388202e-02,9.939855583e-02,1.012165271e+00,7.878053035e-04,-3.924472445e-04,9.992128148e-01
464159,4641.590000,-7.878633790e-01,6.346930679e-01,-6.281556383e-01,-7.625355935e-01,8.044022406e-04,-4.007026942e-04,9.991962443e-01
473888,4738.880000,2.604917100e-01,-9.603345608e-01,9.651728706e-01,2.785601526e-01,8.213149569e-04,-4.091270882e-04,9.991793590e-01
483821,4838.210000,-3.953138489e-02,9.982695776e-01,-1.000265817e+00,-2.296736388e-02,8.386140825e-04,-4.177375188e-04,9.991620886e-01
493963,4939.630000,2.768361729e-01,-9.554510472e-01,9.605369885e-01,2.950770880e-01,8.562553986e-04,-4.265214969e-04,9.991444771e-01
504316,5043.160000,-9.917771032e-01,2.168772179e-01,-2.142627245e-01,-9.608574371e-01,8.742953925e-04,-4.354968415e-04,9.991264683e-01
514887,5148.870000,-4.250886120e-01,9.111312268e-01,-9.072765686e-01,-4.064280440e-01,8.927014890e-04,-4.446612250e-04,9.991080947e-01
525680,5256.800000,-7.960206443e-01,6.244083262e-01,-6.180887052e-01,-7.706670194e-01,9.114998915e-04,-4.540174351e-04,9.990893302e-01
536698,5366.980000,-2.011559094e-01,-9.822844063e-01,9.797149916e-01,-1.841272473e-01,9.306799704e-04,-4.635672393e-04,9.990701854e-01
547948,5479.480000,-7.602440756e-01,6.664842360e-01,-6.601772231e-01,-7.358026060e-01,9.502926327e-04,-4.733270849e-04,9.990506096e-01
559433,5594.330000,-8.209179463e-01,5.918867204e-01,-5.857749379e-01,-7.950428178e-01,9.703064167e-04,-4.832885446e-04,9.990306342e-01
571159,5711.590000,4.507638280e-01,-8.834084028e-01,8.907273399e-01,4.714023769e-01,9.907265406e-04,-4.934574792e-04,9.990102540e-01
583131,5831.310000,-1.596130385e-01,-9.891530692e-01,9.872729812e-01,-1.427995564e-01,1.011602180e-03,-5.038449719e-04,9.989894201e-01
595354,5953.540000,5.740220147e-01,8.049780362e-01,-8.153313583e-01,5.975769507e-01,1.032917316e-03,-5.144561526e-04,9.989681485e-01
607833,6078.330000,6.457170641e-01,7.471280678e-01,-7.577084181e-01,6.709286913e-01,1.054680163e-03,-5.252874059e-04,9.989464310e-01
620573,6205.730000,-1.175142253e-01,-9.943041978e-01,9.931295048e-01,-1.008511171e-01,1.076902250e-03,-5.363435942e-04,9.989242562e-01
633581,6335.810000,9.654162477e-01,1.824082818e-01,-1.864290985e-01,9.998865998e-01,1.099594476e-03,-5.476408321e-04,9.989016133e-01
646861,6468.610000,9.311838384e-01,3.147979722e-01,-3.211377246e-01,9.645871281e-01,1.122771689e-03,-5.591743261e-04,9.988784875e-01
660420,6604.200000,6.639111397e-01,-7.317719283e-01,7.404685360e-01,6.890012222e-01,1.146437722e-03,-5.709497880e-04,9.988548751e-01
674263,6742.630000,-9.817912496e-01,-2.575354885e-01,2.532264936e-01,-9.513863972e-01,1.170623852e-03,-5.829780726e-04,9.988307449e-01
688396,6883.960000,6.912233492e-01,7.039575581e-01,-7.147549857e-01,7.177248758e-01,1.195296989e-03,-5.952613955e-04,9.988061300e-01
702825,7028.250000,-4.857710644e-01,-8.822969959e-01,8.759443772e-01,-4.660832123e-01,1.220505086e-03,-6.077993091e-04,9.987809827e-01
717557,7175.570000,-1.402206589e-01,9.902035706e-01,-9.916039437e-01,-1.237353722e-01,1.246252556e-03,-6.206107615e-04,9.987552987e-01
732597,7325.970000,9.342102221e-01,-3.065087687e-01,3.112410875e-01,9.674790578e-01,1.272522802e-03,-6.336856851e-04,9.987290945e-01
747953,7479.530000,3.230997893e-01,-9.398003373e-01,9.456581277e-01,3.419493657e-01,1.299371160e-03,-6.470401526e-04,9.987023150e-01
763630,7636.300000,7.319431436e-01,-6.618311353e-01,6.704504015e-01,7.589045859e-01,1.326782812e-03,-6.606787616e-04,9.986749752e-01
779637,7796.370000,-2.122106514e-01,9.783615534e-01,-9.788630751e-01,-1.955793893e-01,1.354797971e-03,-6.746110085e-04,9.986470350e-01
795978,7959.780000,9.699710185e-01,1.542868278e-01,-1.580269371e-01,1.004968516e+00,1.383374430e-03,-6.888314207e-04,9.986185367e-01
812662,8126.620000,1.882501843e-01,9.764134390e-01,-9.835706171e-01,2.060328218e-01,1.412585266e-03,-7.033578933e-04,9.985894073e-01
829696,8296.960000,8.527080329e-01,-4.922508564e-01,4.995409224e-01,8.833539526e-01,1.442392848e-03,-7.181873324e-04,9.985596847e-01
847087,8470.870000,2.166892752e-01,9.699273279e-01,-9.776540330e-01,2.347783262e-01,1.472860692e-03,-7.333383542e-04,9.985293054e-01
864843,8648.430000,4.710002260e-01,8.704076189e-01,-8.811509614e-01,4.928900647e-01,1.503961475e-03,-7.488076248e-04,9.984982970e-01
882970,8829.700000,5.593251535e-01,-8.164649617e-01,8.248320069e-01,5.822187974e-01,1.535715872e-03,-7.646007149e-04,9.984666389e-01
901478,9014.780000,-6.684444100e-01,7.551767957e-01,-7.504027416e-01,-6.468648283e-01,1.568174923e-03,-7.807377561e-04,9.984342804e-01
920374,9203.740000,9.581947142e-02,-9.928576832e-01,9.953745764e-01,1.126926569e-01,1.601292539e-03,-7.972098505e-04,9.984012675e-01
939665,9396.650000,5.645495759e-01,8.108129577e-01,-8.224021078e-01,5.884909820e-01,1.635132660e-03,-8.140390685e-04,9.983675366e-01
959361,9593.610000,-8.380002709e-01,-5.681688257e-01,5.607524970e-01,-8.119655535e-01,1.669695860e-03,-8.312196921e-04,9.983330874e-01
979470,9794.700000,2.965279817e-01,9.468414689e-01,-9.562341175e-01,3.156861452e-01,1.704988281e-03,-8.487717546e-04,9.982979138e-01
1000000,10000.000000,9.663739732e-01,1.737005491e-01,-1.781023721e-01,1.001742101e+00,1.741024577e-03,-8.666915778e-04,9.982620013e-01
1020961,10209.610000,3.298011757e-01,9.350866171e-01,-9.450659446e-01,3.494746628e-01,1.777850553e-03,-8.849969773e-04,9.982253046e-01
1042361,10423.610000,8.148995099e-02,-9.942869150e-01,9.966417062e-01,9.828424662e-02,1.815444977e-03,-9.036854604e-04,9.981878449e-01
1064210,10642.100000,6.088676179e-01,-7.789469545e-01,7.876280210e-01,6.330069748e-01,1.853845701e-03,-9.227768623e-04,9.981495847e-01
1086516,10865.160000,-9.722020292e-01,-2.887796104e-01,2.839470482e-01,-9.431375949e-01,1.893084221e-03,-9.422750857e-04,9.981104928e-01
1109290,11092.900000,9.113547619e-01,-3.689147241e-01,3.745104528e-01,9.444577547e-01,1.933129071e-03,-9.621869271e-04,9.980706007e-01
1132542,11325.420000,5.962088146e-01,7.866167961e-01,-7.989959485e-01,6.212161129e-01,1.974056285e-03,-9.825269715e-04,9.980298329e-01
1156281,11562.810000,6.892998893e-03,9.964115325e-01,-1.002292679e+00,2.341550008e-02,2.015855383e-03,-1.003298058e-03,9.979882001e-01
1180517,11805.170000,-5.876164692e-01,8.170015982e-01,-8.139716107e-01,-5.680917540e-01,2.058545042e-03,-1.024510668e-03,9.979456839e-01
1205261,12052.610000,-9.518281267e-01,-3.487931103e-01,3.432581488e-01,-9.235789693e-01,2.102141515e-03,-1.046173633e-03,9.979022682e-01
1230525,12305.250000,9.812856595e-01,1.624555217e-02,-1.782052899e-02,1.017545581e+00,2.146660836e-03,-1.068302920e-03,9.978579374e-01
1256317,12563.170000,4.727001138e-02,-9.969112347e-01,9.988349185e-01,6.388923160e-02,2.192150590e-03,-1.090900872e-03,9.978126444e-01
1282650,12826.500000,9.608911206e-01,-2.023179532e-01,2.049935725e-01,9.962344482e-01,2.238606265e-03,-1.113985359e-03,9.977663939e-01
1309536,13095.360000,-8.632930488e-02,-9.964544609e-01,9.962149691e-01,-6.996804811e-02,2.286070918e-03,-1.137560908e-03,9.977191433e-01
1336984,13369.840000,4.336602880e-01,8.889340884e-01,-9.012806400e-01,4.554716767e-01,2.334548183e-03,-1.161644584e-03,9.976708892e-01
1365008,13650.080000,-8.496613589e-01,5.470656923e-01,-5.434575904e-01,-8.254670655e-01,2.384071994e-03,-1.186239108e-03,9.976215983e-01
1393620,13936.200000,-9.444770663e-01,-3.671253396e-01,3.613777535e-01,-9.168866623e-01,2.434647210e-03,-1.211358838e-03,9.975712659e-01
1422831,14228.310000,-3.673348308e-02,-9.986135343e-01,9.992604671e-01,-2.038127525e-02,2.486300540e-03,-1.237015847e-03,9.975198658e-01
1452654,14526.540000,7.693574633e-01,6.129556574e-01,-6.254718614e-01,7.996425689e-01,2.539073341e-03,-1.263226988e-03,9.974673572e-01
1483103,14831.030000,7.407159386e-02,-9.946666411e-01,9.971644484e-01,9.078404966e-02,2.592981937e-03,-1.289993433e-03,9.974137242e-01
1514190,15141.900000,6.085081240e-01,-7.787667209e-01,7.875934659e-01,6.330101372e-01,2.648046354e-03,-1.317337054e-03,9.973589473e-01
1545928,15459.280000,-1.009228875e+00,-9.518645712e-02,9.247392599e-02,-9.806627848e-01,2.704315721e-03,-1.345268051e-03,9.973029779e-01
1578332,15783.320000,7.211170930e-01,-6.728099625e-01,6.816284833e-01,7.486724594e-01,2.761763511e-03,-1.373794983e-03,9.972458428e-01
1611415,16114.150000,7.833005357e-01,5.941371205e-01,-6.068922702e-01,8.143497258e-01,2.820471501e-03,-1.402938616e-03,9.971874612e-01
1645191,16451.910000,-3.740488600e-01,9.289502564e-01,-9.307496594e-01,-3.577284118e-01,2.880451277e-03,-1.432705682e-03,9.971278219e-01
1679675,16796.750000,-5.976458272e-01,-8.116419713e-01,8.048413971e-01,-5.775236236e-01,2.941707143e-03,-1.463107433e-03,9.970669211e-01
1714882,17148.820000,-3.052329218e-01,9.523520133e-01,-9.555776359e-01,-2.893537740e-01,3.004296516e-03,-1.494170383e-03,9.970047022e-01
1750828,17508.280000,-8.022464904e-01,6.114285402e-01,-6.089463095e-01,-7.803184117e-01,3.068236837e-03,-1.525897736e-03,9.969411484e-01
1787526,17875.260000,8.507291630e-01,4.901874160e-01,-5.019069331e-01,8.842696670e-01,3.133538684e-03,-1.558306393e-03,9.968762497e-01
1824994,18249.940000,-9.783243620e-01,-2.626671712e-01,2.579079006e-01,-9.511420258e-01,3.200282591e-03,-1.591413030e-03,9.968099265e-01
1863247,18632.470000,8.819773720e-01,-4.338812413e-01,4.403163478e-01,9.152054933e-01,3.268439932e-03,-1.625232618e-03,9.967422080e-01
1902302,19023.020000,-8.848901299e-01,4.866401284e-01,-4.846723321e-01,-8.615080676e-01,3.338110738e-03,-1.659784917e-03,9.966729952e-01
1942175,19421.750000,4.713287581e-01,8.671540722e-01,-8.821808584e-01,4.947268213e-01,3.409260139e-03,-1.695079622e-03,9.966023234e-01
1982884,19828.840000,-6.736260721e-01,7.467930238e-01,-7.459407922e-01,-6.547642520e-01,3.481972683e-03,-1.731135693e-03,9.965301094e-01
2024447,20244.470000,3.457036267e-01,9.262738497e-01,-9.407116581e-01,3.666036515e-01,3.556246664e-03,-1.767971000e-03,9.964563554e-01
2066881,20668.810000,3.853016460e-01,-9.138587488e-01,9.211566447e-01,4.055216018e-01,3.632133662e-03,-1.805597713e-03,9.963810110e-01
2110204,21102.040000,-9.370256405e-01,3.780910891e-01,-3.770622275e-01,-9.129450169e-01,3.709693986e-03,-1.844045055e-03,9.963040170e-01
2154435,21544.350000,5.303786905e-02,9.915299436e-01,-1.002771029e+00,6.976117965e-02,3.788918396e-03,-1.883321771e-03,9.962253833e-01
2199594,21995.940000,-9.022687911e-01,4.527381661e-01,-4.516308465e-01,-8.794129339e-01,3.869880648e-03,-1.923447570e-03,9.961450376e-01
2245698,22456.980000,4.484413367e-01,8.787443718e-01,-8.948634363e-01,4.717231689e-01,3.952587949e-03,-1.964442683e-03,9.960629735e-01
2292770,22927.700000,-2.521135453e-01,-9.697914796e-01,9.675989835e-01,-2.359462737e-01,4.037110690e-03,-2.006323588e-03,9.959791220e-01
2340828,23408.280000,3.760617645e-02,9.919717611e-01,-1.003834332e+00,5.415069563e-02,4.123482951e-03,-2.049120630e-03,9.958934503e-01
2389893,23898.930000,9.460120217e-01,-2.592851840e-01,2.625157403e-01,9.827587121e-01,4.211721836e-03,-2.092839025e-03,9.958059424e-01
2439987,24399.870000,7.785946684e-01,5.975012240e-01,-6.126512043e-01,8.112866829e-01,4.301909797e-03,-2.137513034e-03,9.957165174e-01
2491131,24911.310000,7.056798789e-01,-6.882312986e-01,6.973162775e-01,7.337077683e-01,4.394061553e-03,-2.183153446e-03,9.956251618e-01
2543346,25433.460000,-1.007820946e+00,-8.856019297e-02,8.518188044e-02,-9.824040122e-01,4.488251416e-03,-2.229791112e-03,9.955318030e-01
2596656,25966.560000,-3.081382724e-03,9.926281685e-01,-1.005032389e+00,1.299469773e-02,4.584484664e-03,-2.277444820e-03,9.954364369e-01
2651084,26510.840000,-4.140108672e-01,9.095018576e-01,-9.150577700e-01,-3.992358787e-01,4.682838052e-03,-2.326135613e-03,9.953389887e-01
2706653,27066.530000,9.340827872e-01,-2.991415955e-01,3.030387232e-01,9.708277644e-01,4.783331006e-03,-2.375885450e-03,9.952394403e-01
2763386,27633.860000,-8.365477831e-01,5.600597081e-01,-5.605337382e-01,-8.170505128e-01,4.886069153e-03,-2.426726779e-03,9.951376884e-01
2821308,28213.080000,8.471741466e-01,-4.978551608e-01,5.051482803e-01,8.804465322e-01,4.991028542e-03,-2.478673114e-03,9.950337581e-01
2880445,28804.450000,8.986154638e-02,-9.920326958e-01,9.956945115e-01,1.064707814e-01,5.098327218e-03,-2.531758855e-03,9.949275339e-01
2940821,29408.210000,2.618924955e-01,9.522150967e-01,-9.697865304e-01,2.819077342e-01,5.207990848e-03,-2.586011155e-03,9.948189918e-01
3002462,30024.620000,-1.007312736e+00,7.712559057e-02,-7.957063424e-02,-9.838876248e-01,5.320076830e-03,-2.641446043e-03,9.947080766e-01
3065396,30653.960000,8.171598763e-01,-5.464068614e-01,5.543543635e-01,8.496009374e-01,5.434614976e-03,-2.698096767e-03,9.945947604e-01
3129649,31296.490000,-8.395743042e-02,-9.951325675e-01,9.962127040e-01,-6.838264047e-02,5.551713600e-03,-2.755992904e-03,9.944789378e-01
3195248,31952.480000,-1.018302559e-01,9.873226953e-01,-1.000876011e+00,-8.698958526e-02,5.671404602e-03,-2.815165504e-03,9.943605788e-01
3262223,32622.230000,1.473615685e-01,-9.838796807e-01,9.886887840e-01,1.644561038e-01,5.793735508e-03,-2.875631783e-03,9.942396385e-01
3330601,33306.010000,-9.049252014e-01,-4.477854767e-01,4.415348910e-01,-8.831786395e-01,5.918801728e-03,-2.937435139e-03,9.941160244e-01
3400412,34004.120000,9.434611432e-01,-2.641230922e-01,2.670294836e-01,9.818440528e-01,6.046620185e-03,-3.000598301e-03,9.939897217e-01
3471687,34716.870000,-5.397867697e-02,9.895528020e-01,-1.005201132e+00,-3.883415702e-02,6.177316412e-03,-3.065160000e-03,9.938606086e-01
3544456,35444.560000,9.409772427e-02,-9.910360786e-01,9.952424561e-01,1.106154348e-01,6.310903502e-03,-3.131140269e-03,9.937286742e-01
3618750,36187.500000,4.538129741e-01,-8.791639935e-01,8.879566577e-01,4.759733597e-01,6.447476742e-03,-3.198584185e-03,9.935938269e-01
3694602,36946.020000,1.448928831e-01,-9.839375809e-01,9.890199409e-01,1.619098890e-01,6.587109544e-03,-3.267522217e-03,9.934559965e-01
3772043,37720.430000,8.950055787e-01,-4.005875214e-01,4.061853265e-01,9.316257561e-01,6.729857294e-03,-3.337988620e-03,9.933151309e-01
3851108,38511.080000,-5.142993983e-01,-8.625581022e-01,8.581258299e-01,-4.982848811e-01,6.875823726e-03,-3.410018997e-03,9.931711304e-01
3931829,39318.290000,-3.880301095e-01,9.164683542e-01,-9.281323334e-01,-3.756756563e-01,7.025056130e-03,-3.483652958e-03,9.930239510e-01
4014243,40142.430000,1.114907080e-02,9.884401482e-01,-1.007650277e+00,2.691968403e-02,7.177636686e-03,-3.558922544e-03,9.928735146e-01
4098384,40983.840000,4.360122311e-01,-8.880538157e-01,8.969623370e-01,4.579558729e-01,7.333645129e-03,-3.635864548e-03,9.927197457e-01
4184289,41842.890000,-9.588352384e-01,3.040187236e-01,-3.075771254e-01,-9.413893968e-01,7.493197911e-03,-3.714531520e-03,9.925625325e-01
4271994,42719.940000,-1.002435371e+00,9.788070959e-02,-1.018147837e-01,-9.837047336e-01,7.656335637e-03,-3.794951549e-03,9.924018384e-01
4361538,43615.380000,-5.532612879e-01,8.293061579e-01,-8.395600079e-01,-5.417542036e-01,7.823163068e-03,-3.877173112e-03,9.922375637e-01
4452959,44529.590000,-8.763884403e-01,4.880527577e-01,-4.929607680e-01,-8.618427237e-01,7.993773812e-03,-3.961235056e-03,9.920696199e-01
4546296,45462.960000,6.919403641e-01,6.910830036e-01,-7.141515523e-01,7.258948214e-01,8.168239590e-03,-4.047182858e-03,9.918979400e-01
4641589,46415.890000,6.997200732e-01,-6.917835658e-01,7.014771251e-01,7.295141807e-01,8.346681981e-03,-4.135059113e-03,9.917224084e-01
4738880,47388.800000,6.548440578e-01,7.263059571e-01,-7.506504794e-01,6.878497169e-01,8.529196849e-03,-4.224919816e-03,9.915429351e-01
4838210,48382.100000,-3.702113837e-01,9.206933302e-01,-9.367452997e-01,-3.594951426e-01,8.715881777e-03,-4.316803602e-03,9.913594284e-01
4939622,49396.220000,6.017589866e-01,-7.805891215e-01,7.907179167e-01,6.285317023e-01,8.906808829e-03,-4.410756137e-03,9.911718221e-01
5043160,50431.600000,-6.507892506e-02,9.846795502e-01,-1.007463239e+00,-5.110536629e-02,9.102133648e-03,-4.506842279e-03,9.909799679e-01
5148868,51488.680000,9.432187016e-01,-2.572118996e-01,2.592614126e-01,9.844704827e-01,9.301914966e-03,-4.605096611e-03,9.907838132e-01
5256792,52567.920000,-9.770374520e-01,2.301521906e-01,-2.355848236e-01,-9.630493179e-01,9.506323003e-03,-4.705586574e-03,9.905831962e-01
5366977,53669.770000,7.342027495e-02,9.811309027e-01,-1.007455588e+00,8.998942314e-02,9.715409084e-03,-4.808357565e-03,9.903780719e-01
5479473,54794.730000,3.304190594e-01,-9.332481171e-01,9.420577319e-01,3.503858451e-01,9.929325725e-03,-4.913464668e-03,9.901682965e-01
5594326,55943.260000,-4.590275019e-01,-8.899631320e-01,8.878591687e-01,-4.458956045e-01,1.014820308e-02,-5.020973494e-03,9.899537483e-01
5711587,57115.870000,-7.496315458e-01,6.571274229e-01,-6.682831302e-01,-7.411416321e-01,1.037215368e-02,-5.130942336e-03,9.897343235e-01
5831306,58313.060000,-9.631346723e-01,2.757687132e-01,-2.824676456e-01,-9.518109345e-01,1.060130224e-02,-5.243424951e-03,9.895099064e-01
5953534,59535.340000,-9.315188564e-01,3.651597297e-01,-3.728090181e-01,-9.214713776e-01,1.083578455e-02,-5.358488378e-03,9.892803710e-01
6078324,60783.240000,7.818945071e-01,-5.923308201e-01,6.013181069e-01,8.162301471e-01,1.107572096e-02,-5.476192938e-03,9.890456068e-01
6205729,62057.290000,-8.637821581e-01,4.999985000e-01,-5.099180503e-01,-8.558945600e-01,1.132130601e-02,-5.596615373e-03,9.888054311e-01
6335805,63358.050000,-9.055054354e-01,-4.337317638e-01,4.283655527e-01,-8.927011950e-01,1.157263106e-02,-5.719812016e-03,9.885597626e-01
6468608,64686.080000,9.645908308e-01,-1.430360899e-01,1.412726198e-01,1.009555956e+00,1.182984868e-02,-5.845859401e-03,9.883084605e-01
6604194,66041.940000,3.802793800e-02,9.802810753e-01,-1.011809845e+00,5.334243417e-02,1.209315682e-02,-5.974832624e-03,9.880513402e-01
6742623,67426.230000,9.735512538e-01,-2.702868342e-02,2.138869331e-02,1.020158403e+00,1.236266553e-02,-6.106796794e-03,9.877883036e-01
6883953,68839.530000,7.026045422e-01,-6.859434039e-01,6.963947756e-01,7.343137519e-01,1.263857200e-02,-6.241835440e-03,9.875191679e-01
7028245,70282.450000,-9.511391783e-01,-3.166355814e-01,3.111412875e-01,-9.409380075e-01,1.292104609e-02,-6.380029235e-03,9.872437776e-01
7175561,71755.610000,-4.606679660e-01,-8.867020339e-01,8.864183200e-01,-4.501096042e-01,1.321022597e-02,-6.521451717e-03,9.869620088e-01
7325966,73259.660000,9.467731234e-01,-2.328356890e-01,2.333962646e-01,9.916338750e-01,1.350630792e-02,-6.666193664e-03,9.866736814e-01
7479523,74795.230000,7.777380911e-01,5.818795682e-01,-6.104384865e-01,8.201288832e-01,1.380949839e-02,-6.814340550e-03,9.863786062e-01
7636299,76362.990000,3.716791425e-01,-9.148008213e-01,9.257640889e-01,3.928275101e-01,1.411997608e-02,-6.965975724e-03,9.860766217e-01
7796361,77963.610000,5.105259473e-01,-8.422098548e-01,8.539549519e-01,5.357828849e-01,1.443793183e-02,-7.121197441e-03,9.857675552e-01
7959778,79597.780000,8.799589228e-01,-4.235947752e-01,4.293916756e-01,9.212854952e-01,1.476357244e-02,-7.280098301e-03,9.854512195e-01
8126620,81266.200000,5.900335199e-01,-7.863241580e-01,7.982369277e-01,6.181781482e-01,1.509711747e-02,-7.442774508e-03,9.851274157e-01
8296959,82969.590000,-8.423200458e-01,5.231995071e-01,-5.396330042e-01,-8.428109432e-01,1.543879025e-02,-7.609332317e-03,9.847959420e-01
8470869,84708.690000,-8.068952272e-01,5.739581377e-01,-5.922783140e-01,-8.082075375e-01,1.578879044e-02,-7.779867473e-03,9.844566207e-01
8648424,86484.240000,-6.198265937e-01,-7.824923951e-01,7.821073999e-01,-6.129360664e-01,1.614736242e-02,-7.954487788e-03,9.841092316e-01
8829700,88297.000000,9.696279550e-01,-6.199472624e-02,5.603002918e-02,1.019210306e+00,1.651473451e-02,-8.133308556e-03,9.837535709e-01
9014777,90147.770000,-4.789398964e-01,8.573416948e-01,-8.889150466e-01,-4.790607875e-01,1.689120489e-02,-8.316448481e-03,9.833893687e-01
9203732,92037.320000,-9.946062482e-01,-4.580552881e-02,3.779985746e-02,-9.949930202e-01,1.727698437e-02,-8.504013973e-03,9.830164403e-01
9396649,93966.490000,-9.706085125e-01,2.079943634e-01,-2.201608364e-01,-9.740007395e-01,1.767235042e-02,-8.696136050e-03,9.826345381e-01
9593609,95936.090000,7.507986531e-01,6.100984592e-01,-6.452965264e-01,7.955187868e-01,1.807756229e-02,-8.892935328e-03,9.822434332e-01
9794697,97946.970000,-7.936453616e-01,5.850384008e-01,-6.079546652e-01,-8.002194315e-01,1.849295880e-02,-9.094548370e-03,9.818428212e-01
10000001,100000.010000,-3.809569046e-01,9.002544285e-01,-9.389324619e-01,-3.813623744e-01,1.891878429e-02,-9.301105765e-03,9.814324904e-01
10209607,102096.070000,4.214503257e-01,-8.892666307e-01,9.030836474e-01,4.443393815e-01,1.935535968e-02,-9.512742457e-03,9.810121569e-01
10423607,104236.070000,9.610919116e-01,-1.345923662e-01,1.305387222e-01,1.011935238e+00,1.980300909e-02,-9.729614051e-03,9.805815350e-01
10642093,106420.930000,4.035756249e-01,-8.973349043e-01,9.116143927e-01,4.259094068e-01,2.026207648e-02,-9.951864262e-03,9.801403218e-01
10865158,108651.580000,-8.341026242e-01,5.216195537e-01,-5.455970594e-01,-8.453254997e-01,2.073289203e-02,-1.017965266e-02,9.796882297e-01
11092899,110928.990000,5.119646817e-01,-8.375557038e-01,8.523180436e-01,5.382891464e-01,2.121578792e-02,-1.041312712e-02,9.792249707e-01
11325414,113254.140000,-2.908885535e-02,9.686746533e-01,-1.020617792e+00,-1.935360568e-02,2.171116910e-02,-1.065247108e-02,9.787501891e-01
11562802,115628.020000,1.241857718e-01,-9.788734073e-01,9.927947818e-01,1.380497458e-01,2.221940309e-02,-1.089784003e-02,9.782635675e-01
11805166,118051.660000,-8.092051936e-01,-5.737401639e-01,5.745086101e-01,-8.144955253e-01,2.274089628e-02,-1.114942671e-02,9.777647532e-01
12052610,120526.100000,8.587121090e-01,-4.576698292e-01,4.651919647e-01,9.031553128e-01,2.327603134e-02,-1.140740566e-02,9.772534188e-01
12305241,123052.410000,9.667325645e-01,7.109335554e-03,-1.824200367e-02,1.022061884e+00,2.382527909e-02,-1.167197791e-02,9.767291553e-01
12563167,125631.670000,8.081069234e-01,5.226943579e-01,-5.607055890e-01,8.598382256e-01,2.438907450e-02,-1.194333990e-02,9.761915906e-01
12826499,128264.990000,-9.839350308e-01,3.244450527e-02,-4.448304537e-02,-1.002299225e+00,2.496790132e-02,-1.222170000e-02,9.756403090e-01
13095351,130953.510000,-9.507770638e-01,-2.636016596e-01,2.593227538e-01,-9.665747587e-01,2.556220799e-02,-1.250727022e-02,9.750749318e-01
13369838,133698.380000,-7.951937384e-01,-5.865101249e-01,5.899356686e-01,-8.061668246e-01,2.617251744e-02,-1.280027669e-02,9.744950123e-01
13650079,136500.790000,8.461184748e-01,4.557806452e-01,-4.921807274e-01,9.010971782e-01,2.679934105e-02,-1.310095275e-02,9.739001186e-01
13936193,139361.930000,-8.135299214e-01,5.352400279e-01,-5.689046354e-01,-8.382633744e-01,2.744328104e-02,-1.340954522e-02,9.732897362e-01
14228305,142283.050000,8.973934512e-01,3.439943549e-01,-3.748318705e-01,9.552065643e-01,2.810484636e-02,-1.372629664e-02,9.726634434e-01
14526540,145265.400000,-9.096289157e-01,-3.738458749e-01,3.735938205e-01,-9.302084607e-01,2.878470520e-02,-1.405148262e-02,9.720206715e-01
14831026,148310.260000,-9.301386695e-01,2.915453558e-01,-3.156541606e-01,-9.605553530e-01,2.948342311e-02,-1.438536873e-02,9.713609540e-01
15141894,151418.940000,-4.096920019e-01,8.714326750e-01,-9.309195103e-01,-4.244668634e-01,3.020167184e-02,-1.472824116e-02,9.706837286e-01
15459278,154592.780000,3.010368201e-01,-9.316583512e-01,9.538460543e-01,3.193084810e-01,3.094015145e-02,-1.508039626e-02,9.699884116e-01
15783315,157833.150000,-8.211786586e-01,-5.369985516e-01,5.434216391e-01,-8.434265835e-01,3.169957634e-02,-1.544215517e-02,9.692744118e-01
16114143,161141.430000,-7.393596265e-01,6.205769328e-01,-6.659802319e-01,-7.719612046e-01,3.248067184e-02,-1.581383311e-02,9.685411333e-01
16451906,164519.060000,9.455090000e-01,-1.897360304e-01,1.872411570e-01,1.002783308e+00,3.328423756e-02,-1.619576742e-02,9.677879171e-01
16796749,167967.490000,4.723988932e-01,8.284799693e-01,-8.963591621e-01,5.094400647e-01,3.411111053e-02,-1.658832485e-02,9.670140760e-01
17148820,171488.200000,4.652476169e-01,-8.563061009e-01,8.810195860e-01,4.910258401e-01,3.496215795e-02,-1.699186639e-02,9.662189021e-01
17508271,175082.710000,7.311154256e-01,-6.372807257e-01,6.557434702e-01,7.721947760e-01,3.583826201e-02,-1.740678587e-02,9.654016816e-01
17875256,178752.560000,-3.345632882e-01,8.937580905e-01,-9.668172486e-01,-3.524857798e-01,3.674039088e-02,-1.783349280e-02,9.645616287e-01
18249933,182499.330000,7.700308609e-01,5.617230250e-01,-6.136042880e-01,8.271292298e-01,3.766953881e-02,-1.827240375e-02,9.636979429e-01
18632464,186324.640000,-7.042968019e-01,6.475399748e-01,-7.031040829e-01,-7.466329172e-01,3.862678857e-02,-1.872398062e-02,9.628097513e-01
19023012,190230.120000,-4.103041910e-02,9.485787624e-01,-1.032069178e+00,-4.083890612e-02,3.961320803e-02,-1.918868038e-02,9.618962055e-01
19421747,194217.470000,9.281934001e-01,-2.510351225e-01,2.530041415e-01,9.875995229e-01,4.063000375e-02,-1.966700313e-02,9.609563403e-01
19828840,198288.400000,5.985517015e-02,-9.705458672e-01,1.005418204e+00,6.514724824e-02,4.167840973e-02,-2.015947415e-02,9.599891777e-01
20244466,202444.660000,9.522499505e-01,-1.096280302e-01,1.034355927e-01,1.016390030e+00,4.275969546e-02,-2.066663166e-02,9.589937206e-01
20668803,206688.030000,9.365313319e-01,1.826096047e-01,-2.088993003e-01,1.004266908e+00,4.387527298e-02,-2.118905646e-02,9.579688550e-01
21102035,211020.350000,-7.818326380e-01,5.403316686e-01,-5.945655798e-01,-8.401716321e-01,4.502660492e-02,-2.172735999e-02,9.569134367e-01
21544347,215443.470000,-6.849984036e-01,-6.793055180e-01,7.070383889e-01,-7.259672407e-01,4.621522256e-02,-2.228217262e-02,9.558262759e-01
21995931,219959.310000,-5.623813354e-01,7.590558017e-01,-8.355903610e-01,-6.094616255e-01,4.744274293e-02,-2.285417823e-02,9.547061228e-01
22456980,224569.800000,-2.043752139e-01,9.190678308e-01,-1.012818031e+00,-2.229783775e-01,4.871093381e-02,-2.344409037e-02,9.535516106e-01
22927694,229276.940000,3.174558950e-02,9.398169322e-01,-1.037171034e+00,3.340086847e-02,5.002163817e-02,-2.405266993e-02,9.523613263e-01
23408273,234082.730000,7.912135387e-01,5.182591176e-01,-5.746996970e-01,8.560772547e-01,5.137681251e-02,-2.468071516e-02,9.511337782e-01
23898926,238989.260000,5.359946010e-01,-7.973171661e-01,8.389469191e-01,5.702076325e-01,5.277856537e-02,-2.532908499e-02,9.498673633e-01
24399863,243998.630000,-8.577466804e-01,-4.107787194e-01,4.310764914e-01,-9.289321178e-01,5.422909657e-02,-2.599868144e-02,9.485604251e-01
24911301,249113.010000,-9.223495027e-01,1.903207886e-01,-2.198661411e-01,-1.009735143e+00,5.573079399e-02,-2.669046312e-02,9.472111695e-01
25433458,254334.580000,3.599332742e-01,-8.871141282e-01,9.409326528e-01,3.826938879e-01,5.728621851e-02,-2.740545302e-02,9.458176816e-01
25966560,259665.600000,9.264972021e-01,1.915820920e-01,-2.200349182e-01,1.003311150e+00,5.889806560e-02,-2.814474698e-02,9.443779647e-01
26510837,265108.370000,-3.990406193e-01,-8.624357909e-01,9.234009187e-01,-4.375019692e-01,6.056930537e-02,-2.890951843e-02,9.428898186e-01
27066521,270665.210000,-6.601716447e-01,6.560203073e-01,-7.374877993e-01,-7.367125188e-01,6.230300884e-02,-2.970099924e-02,9.413510003e-01
27633853,276338.530000,8.802837564e-01,-3.530276600e-01,3.734673411e-01,9.513977308e-01,6.410261607e-02,-3.052053163e-02,9.397589902e-01
28213077,282130.770000,-3.802507895e-01,8.457419215e-01,-9.517991684e-01,-4.300291156e-01,6.597171228e-02,-3.136955166e-02,9.381111980e-01
28804442,288044.420000,-7.750416253e-01,-5.244192253e-01,5.695769891e-01,-8.630740606e-01,6.791427548e-02,-3.224959663e-02,9.364047499e-01
29408202,294082.020000,9.407585930e-01,2.874792524e-02,-4.064089728e-02,1.026336111e+00,6.993449890e-02,-3.316231304e-02,9.346366540e-01
30024618,300246.180000,9.398859701e-01,1.057081721e-02,-2.010967161e-02,1.027298264e+00,7.203701500e-02,-3.410950045e-02,9.328036122e-01
30653953,306539.530000,5.045109963e-01,7.801182915e-01,-8.782044445e-01,5.543367942e-01,7.422679659e-02,-3.509308011e-02,9.309021179e-01
31296481,312964.810000,-3.711249179e-01,8.416031761e-01,-9.565720070e-01,-4.276091022e-01,7.650930895e-02,-3.611514950e-02,9.289283350e-01
31952476,319524.760000,-8.813393110e-01,2.542496221e-01,-2.943760459e-01,-1.007379053e+00,7.889047869e-02,-3.717797122e-02,9.268781399e-01
32622221,326222.210000,3.818132843e-01,-8.511261827e-01,9.431573297e-01,4.160043191e-01,8.137680232e-02,-3.828401107e-02,9.247470427e-01
33306004,333060.040000,6.665811124e-01,-6.511516773e-01,7.226760813e-01,7.348818250e-01,8.397536172e-02,-3.943595800e-02,9.225301933e-01
34004120,340041.200000,-6.743742006e-01,6.127474791e-01,-7.051130370e-01,-7.817221093e-01,8.669398001e-02,-4.063675389e-02,9.202222690e-01
34716869,347168.690000,-5.557221958e-01,7.206632968e-01,-8.298036722e-01,-6.477475899e-01,8.954132584e-02,-4.188962387e-02,9.178174120e-01
35444557,354445.570000,6.997990482e-01,5.985866153e-01,-6.817067252e-01,7.839506779e-01,9.252693161e-02,-4.319811000e-02,9.153092442e-01
36187499,361874.990000,-5.032998671e-01,7.541370451e-01,-8.719982930e-01,-5.914851923e-01,9.566136337e-02,-4.456612552e-02,9.126907578e-01
36946013,369460.130000,8.542299100e-01,3.366185623e-01,-3.846878602e-01,9.650515401e-01,9.895646890e-02,-4.599799518e-02,9.099541504e-01
37720425,377204.250000,-3.204419140e-01,-8.446488900e-01,9.823878179e-01,-3.825837321e-01,1.024253951e-01,-4.749852589e-02,9.070908602e-01
38511071,385110.710000,5.803751140e-01,7.015998319e-01,-8.087724985e-01,6.605377392e-01,1.060830000e-01,-4.907307403e-02,9.040912843e-01
39318288,393182.880000,2.704386801e-02,-8.984667624e-01,1.055729972e+00,2.224822353e-02,1.099459839e-01,-5.072765111e-02,9.009447437e-01
40142425,401424.250000,-8.566731310e-01,2.454662727e-01,-2.871615615e-01,-1.023623078e+00,1.140332814e-01,-5.246899717e-02,8.976392507e-01
40983837,409838.370000,2.663446289e-01,-8.518832484e-01,1.013890473e+00,3.072975222e-01,1.183665341e-01,-5.430476415e-02,8.941612338e-01
41842886,418428.860000,8.951283729e-01,-5.003135424e-02,6.450852820e-02,1.050572579e+00,1.229704322e-01,-5.624361616e-02,8.904953963e-01
42719940,427199.400000,8.792455368e-01,1.557913971e-01,-1.791439166e-01,1.039145585e+00,1.278734874e-01,-5.829547603e-02,8.866242634e-01
43615378,436153.780000,4.174350451e-01,-7.743396679e-01,9.438588735e-01,4.995504108e-01,1.331088085e-01,-6.047176351e-02,8.825277789e-01
44529586,445295.860000,-3.915122916e-01,7.902959182e-01,-9.488602359e-01,-4.781541507e-01,1.387151264e-01,-6.278570239e-02,8.781827666e-01
45462955,454629.550000,-6.576557722e-01,-5.656617625e-01,7.054599861e-01,-8.143548361e-01,1.447380639e-01,-6.525274746e-02,8.735622861e-01
46415889,464158.890000,8.472971333e-02,8.710543405e-01,-1.060016382e+00,1.020544130e-01,1.512320047e-01,-6.789110132e-02,8.686346418e-01
47388797,473887.970000,-4.423510989e-01,7.475397117e-01,-9.183618629e-01,-5.485145937e-01,1.582622074e-01,-7.072241235e-02,8.633623661e-01
48382097,483820.970000,8.232759163e-01,2.437330042e-01,-2.989663377e-01,1.036384185e+00,1.659081659e-01,-7.377272987e-02,8.577004855e-01
49396218,493962.180000,6.851287860e-01,-4.977450775e-01,6.438882962e-01,8.791125274e-01,1.742678053e-01,-7.707376499e-02,8.515944961e-01
50431595,504315.950000,-4.791782193e-01,7.026136813e-01,-8.927385646e-01,-6.092863879e-01,1.834637132e-01,-8.066469866e-02,8.449773228e-01
51488675,514886.750000,-8.167418424e-01,-1.980721528e-01,2.623072452e-01,-1.057031483e+00,1.936518965e-01,-8.459474096e-02,8.377651834e-01
52567912,525679.120000,-2.578038328e-01,7.926261794e-01,-1.040640758e+00,-3.340017931e-01,2.050351920e-01,-8.892689615e-02,8.298512829e-01
53669770,536697.700000,-7.414739231e-01,-3.606562765e-01,4.842609760e-01,-9.865190894e-01,2.178835443e-01,-9.374367840e-02,8.210965692e-01
54794724,547947.240000,-7.644100083e-01,-2.835923418e-01,3.858474213e-01,-1.035170576e+00,2.325671656e-01,-9.915625095e-02,8.113148134e-01
55943258,559432.580000,5.014525244e-01,-6.223081790e-01,8.683338119e-01,7.063171730e-01,2.496120770e-01,-1.053194699e-01,8.002483478e-01
57115865,571158.650000,-5.551367915e-01,-5.634317333e-01,7.991477094e-01,-7.874680166e-01,2.698007266e-01,-1.124585810e-01,7.875251440e-01
58313052,583130.520000,-5.102813993e-01,5.779626613e-01,-8.571381981e-01,-7.516704732e-01,2.943678183e-01,-1.209200732e-01,7.725779225e-01
59535332,595353.320000,5.860471259e-01,4.734501873e-01,-7.273200522e-01,8.945524479e-01,3.254260614e-01,-1.312791468e-01,7.544743756e-01
60783232,607832.320000,-3.942309298e-01,-6.163080845e-01,9.829754275e-01,-6.327823776e-01,3.670414380e-01,-1.446026229e-01,7.315067212e-01
62057289,620572.890000,4.624298873e-02,6.990049810e-01,-1.191836774e+00,7.633369385e-02,4.286675829e-01,-1.632535718e-01,6.999528875e-01
63358050,633580.500000,5.659449529e-01,3.170523492e-01,-6.051704497e-01,1.083815470e+00,5.421866529e-01,-1.946370803e-01,6.484299408e-01
64686077,646860.770000,-1.605141104e+04,5.071394392e+03,-1.555397127e+01,4.914226168e+00,-2.670755224e+02,-9.414679610e-01,nan
66041940,660419.400000,-1.341115483e+06,4.237210384e+05,-1.555396784e+01,4.914225084e+00,-2.670755224e+02,-9.414704813e-01,nan
67426223,674262.230000,-2.693953970e+06,8.511459179e+05,-1.555396782e+01,4.914225077e+00,-2.670755224e+02,-9.414793823e-01,nan
68839521,688395.210000,-4.075148370e+06,1.287529755e+06,-1.555396781e+01,4.914225075e+00,-2.670755224e+02,-9.408149549e-01,nan
70282443,702824.430000,-5.485293849e+06,1.733060590e+06,-1.555396781e+01,4.914225074e+00,-2.670755224e+02,-9.424762078e-01,nan
71755610,717556.100000,-6.924997301e+06,2.187930170e+06,-1.555396781e+01,4.914225073e+00,-2.670755224e+02,-9.449013077e-01,nan
73259655,732596.550000,-8.394877347e+06,2.652333945e+06,-1.555396781e+01,4.914225073e+00,-2.670755224e+02,-9.466063053e-01,nan
74795226,747952.260000,-9.895567268e+06,3.126472000e+06,-1.555396781e+01,4.914225073e+00,-2.670755224e+02,-9.446657024e-01,nan
76362983,763629.830000,-1.142771207e+07,3.610548122e+06,-1.555396781e+01,4.914225073e+00,-2.670755224e+02,-9.426844210e-01,nan
77963602,779636.020000,-1.299197240e+07,4.104771039e+06,-1.555396781e+01,4.914225073e+00,-2.670755224e+02,-9.406616117e-01,nan
79597771,795977.710000,-1.458902063e+07,4.609353185e+06,-1.555396781e+01,4.914225073e+00,-2.670755225e+02,-9.385963879e-01,nan
81266193,812661.930000,-1.621954379e+07,5.124511625e+06,-1.555396781e+01,4.914225073e+00,-2.670755225e+02,-9.364878925e-01,nan
82969586,829695.860000,-1.788424357e+07,5.650468056e+06,-1.555396781e+01,4.914225073e+00,-2.670755225e+02,-9.447052854e-01,nan
84708683,847086.830000,-1.958383633e+07,6.187448807e+06,-1.555396781e+01,4.914225073e+00,-2.670755225e+02,-9.584284417e-01,nan
86484233,864842.330000,-2.131905404e+07,6.735685146e+06,-1.555396781e+01,4.914225073e+00,-2.670755225e+02,-9.724392454e-01,nan
88297000,882970.000000,-2.309064335e+07,7.295412973e+06,-1.555396781e+01,4.914225073e+00,-2.670755225e+02,-9.867437324e-01,nan
90147764,901477.640000,-2.489936654e+07,7.866873128e+06,-1.555396781e+01,4.914225073e+00,-2.670755225e+02,-1.001348043e+00,nan
92037320,920373.200000,-2.674600056e+07,8.450311084e+06,-1.555396781e+01,4.914225073e+00,-2.670755225e+02,-1.013363288e+00,nan
93966484,939664.840000,-2.863134287e+07,9.045978799e+06,-1.555396781e+01,4.914225073e+00,-2.670755225e+02,-1.000636935e+00,nan
95936083,959360.830000,-3.055620168e+07,9.654131624e+06,-1.555396781e+01,4.914225073e+00,-2.670755225e+02,-9.876438731e-01,nan
97946967,979469.670000,-3.252140769e+07,1.027503201e+07,-1.555396781e+01,4.914225073e+00,-2.670755225e+02,-9.743784400e-01,nan
100000000,1000000.000000,-3.452780527e+07,1.090894674e+07,-1.555396781e+01,4.914225073e+00,-2.670755225e+02,-9.425987423e-01,nan
102096067,1020960.670000,-3.657625930e+07,1.155614907e+07,-1.555396781e+01,4.914225073e+00,-2.670755225e+02,-8.903934990e-01,nan
104236068,1042360.680000,-3.866764936e+07,1.221691690e+07,-1.555396781e+01,4.914225073e+00,-2.670755225e+02,-8.370940003e-01,nan
106420925,1064209.250000,-4.080287650e+07,1.289153491e+07,-1.555396781e+01,4.914225073e+00,-2.670755225e+02,-7.826773547e-01,nan
108651578,1086515.780000,-4.298285937e+07,1.358029335e+07,-1.555396781e+01,4.914225073e+00,-2.670755225e+02,-7.271200748e-01,nan
110928987,1109289.870000,-4.520853615e+07,1.428348862e+07,-1.555396781e+01,4.914225073e+00,-2.670755225e+02,-6.703982856e-01,nan
113254132,1132541.320000,-4.748086459e+07,1.500142334e+07,-1.555396781e+01,4.914225073e+00,-2.670755225e+02,-6.124875457e-01,nan
115628014,1156280.140000,-4.980082296e+07,1.573440657e+07,-1.555396781e+01,4.914225073e+00,-2.670755226e+02,-5.533629668e-01,nan
118051653,1180516.530000,-5.216940807e+07,1.648275327e+07,-1.555396781e+01,4.914225073e+00,-2.670755226e+02,-4.929991239e-01,nan
120526094,1205260.940000,-5.458764120e+07,1.724678609e+07,-1.555396781e+01,4.914225073e+00,-2.670755226e+02,-4.754353282e-01,nan
123052401,1230524.010000,-5.705656217e+07,1.802683356e+07,-1.555396781e+01,4.914225073e+00,-2.670755226e+02,-4.857156127e-01,nan
125631661,1256316.610000,-5.957723329e+07,1.882323133e+07,-1.555396781e+01,4.914225073e+00,-2.670755226e+02,-4.962113085e-01,nan
128264984,1282649.840000,-6.215073935e+07,1.963632212e+07,-1.555396781e+01,4.914225073e+00,-2.670755226e+02,-5.069270358e-01,nan
130953503,1309535.030000,-6.477818761e+07,2.046645578e+07,-1.555396781e+01,4.914225073e+00,-2.670755226e+02,-5.178673847e-01,nan
133698375,1336983.750000,-6.746070880e+07,2.131398954e+07,-1.555396781e+01,4.914225073e+00,-2.670755226e+02,-5.422206492e-01,nan
136500781,1365007.810000,-7.019945710e+07,2.217928807e+07,-1.555396781e+01,4.914225073e+00,-2.670755226e+02,-6.562455136e-01,nan
139361928,1393619.280000,-7.299561207e+07,2.306272404e+07,-1.555396781e+01,4.914225073e+00,-2.670755226e+02,-7.726605000e-01,nan
142283046,1422830.460000,-7.585037578e+07,2.396467726e+07,-1.555396781e+01,4.914225073e+00,-2.670755226e+02,-8.915155639e-01,nan
145265393,1452653.930000,-7.876497765e+07,2.488553615e+07,-1.555396781e+01,4.914225073e+00,-2.670755226e+02,-1.012861973e+00,nan
148310252,1483102.520000,-8.174067154e+07,2.582569685e+07,-1.555396781e+01,4.914225073e+00,-2.670755226e+02,-1.136751828e+00,nan
151418933,1514189.330000,-8.477873768e+07,2.678556387e+07,-1.555396781e+01,4.914225073e+00,-2.670755226e+02,-1.263238543e+00,nan
154592774,1545927.740000,-8.788048370e+07,2.776555034e+07,-1.555396781e+01,4.914225073e+00,-2.670755226e+02,-1.392376425e+00,nan
157833141,1578331.410000,-9.104724454e+07,2.876607802e+07,-1.555396781e+01,4.914225073e+00,-2.670755226e+02,-1.524221212e+00,nan
161141428,1611414.280000,-9.428038257e+07,2.978757736e+07,-1.555396781e+01,4.914225073e+00,-2.670755226e+02,-1.658829477e+00,nan
164519059,1645190.590000,-9.758128941e+07,3.083048803e+07,-1.555396781e+01,4.914225073e+00,-2.670755226e+02,-1.796259283e+00,nan
167967488,1679674.880000,-1.009513861e+08,3.189525900e+07,-1.555396781e+01,4.914225073e+00,-2.670755226e+02,-1.936569706e+00,nan
171488197,1714881.970000,-1.043921208e+08,3.298234785e+07,-1.555396781e+01,4.914225073e+00,-2.670755226e+02,-2.079821075e+00,nan
175082704,1750827.040000,-1.079049773e+08,3.409222329e+07,-1.555396781e+01,4.914225073e+00,-2.670755226e+02,-2.226075089e+00,nan
178752553,1787525.530000,-1.114914643e+08,3.522536208e+07,-1.555396781e+01,4.914225073e+00,-2.670755226e+02,-2.375394580e+00,nan
182499325,1824993.250000,-1.151531269e+08,3.638225237e+07,-1.555396781e+01,4.914225073e+00,-2.670755226e+02,-2.527844109e+00,nan
186324632,1863246.320000,-1.188915406e+08,3.756339190e+07,-1.555396781e+01,4.914225073e+00,-2.670755226e+02,-2.683489012e+00,nan
190230119,1902301.190000,-1.227083130e+08,3.876928861e+07,-1.555396781e+01,4.914225073e+00,-2.670755226e+02,-2.842396294e+00,nan
194217469,1942174.690000,-1.266050889e+08,4.000046213e+07,-1.555396781e+01,4.914225073e+00,-2.670755226e+02,-3.004634510e+00,nan
198288395,1982883.950000,-1.305835423e+08,4.125744141e+07,-1.555396781e+01,4.914225073e+00,-2.670755226e+02,-3.170273286e+00,nan
202444651,2024446.510000,-1.346453874e+08,4.254076802e+07,-1.555396781e+01,4.914225073e+00,-2.670755226e+02,-3.307334923e+00,nan
206688025,2066880.250000,-1.387923715e+08,4.385099405e+07,-1.555396781e+01,4.914225073e+00,-2.670755226e+02,-3.169214560e+00,nan
211020343,2110203.430000,-1.430262792e+08,4.518868330e+07,-1.555396781e+01,4.914225073e+00,-2.670755226e+02,-3.028199035e+00,nan
215443470,2154434.700000,-1.473489331e+08,4.655441164e+07,-1.555396781e+01,4.914225073e+00,-2.670755226e+02,-2.884227780e+00,nan
219959307,2199593.070000,-1.517621911e+08,4.794876602e+07,-1.555396781e+01,4.914225073e+00,-2.670755226e+02,-2.737238917e+00,nan
224569800,2245698.000000,-1.562679550e+08,4.937234733e+07,-1.555396781e+01,4.914225073e+00,-2.670755226e+02,-2.587168899e+00,nan
229276932,2292769.320000,-1.608681626e+08,5.082576785e+07,-1.555396781e+01,4.914225073e+00,-2.670755226e+02,-2.433953343e+00,nan
234082728,2340827.280000,-1.655647931e+08,5.230965285e+07,-1.555396781e+01,4.914225073e+00,-2.670755226e+02,-2.277526318e+00,nan
238989257,2389892.570000,-1.703598684e+08,5.382464115e+07,-1.555396781e+01,4.914225073e+00,-2.670755226e+02,-2.117820461e+00,nan
243998630,2439986.300000,-1.752554515e+08,5.537138459e+07,-1.555396781e+01,4.914225073e+00,-2.670755226e+02,-1.954767098e+00,nan
249113003,2491130.030000,-1.802536496e+08,5.695054886e+07,-1.555396781e+01,4.914225073e+00,-2.670755226e+02,-1.788296005e+00,nan
254334577,2543345.770000,-1.853566135e+08,5.856281356e+07,-1.555396781e+01,4.914225073e+00,-2.670755226e+02,-1.618335527e+00,nan
259665598,2596655.980000,-1.905665383e+08,6.020887221e+07,-1.555396781e+01,4.914225073e+00,-2.670755226e+02,-1.444812579e+00,nan
265108361,2651083.610000,-1.958856668e+08,6.188943342e+07,-1.555396781e+01,4.914225073e+00,-2.670755226e+02,-1.267652524e+00,nan
270665208,2706652.080000,-2.013162878e+08,6.360522032e+07,-1.555396781e+01,4.914225073e+00,-2.670755226e+02,-1.086779060e+00,nan
276338530,2763385.300000,-2.068607381e+08,6.535697120e+07,-1.555396781e+01,4.914225073e+00,-2.670755226e+02,-9.021143306e-01,nan
282130768,2821307.680000,-2.125214032e+08,6.714543976e+07,-1.555396781e+01,4.914225073e+00,-2.670755226e+02,-7.135789318e-01,nan
288044416,2880444.160000,-2.183007203e+08,6.897139606e+07,-1.555396781e+01,4.914225073e+00,-2.670755226e+02,-5.210916708e-01,nan
294082018,2940820.180000,-2.242011759e+08,7.083562563e+07,-1.555396781e+01,4.914225073e+00,-2.670755226e+02,-3.245699240e-01,nan
300246171,3002461.710000,-2.302253077e+08,7.273893033e+07,-1.555396781e+01,4.914225073e+00,-2.670755226e+02,-1.239286834e-01,nan
306539530,3065395.300000,-2.363757106e+08,7.468212995e+07,-1.555396781e+01,4.914225073e+00,-2.670755226e+02,8.091789380e-02,nan
312964802,3129648.020000,-2.426550301e+08,7.666606033e+07,-1.555396781e+01,4.914225073e+00,-2.670755226e+02,2.900582731e-01,nan
319524751,3195247.510000,-2.490659673e+08,7.869157491e+07,-1.555396781e+01,4.914225073e+00,-2.670755226e+02,5.035825893e-01,nan
326222201,3262222.010000,-2.556112821e+08,8.075954565e+07,-1.555396781e+01,4.914225073e+00,-2.670755226e+02,7.215821696e-01,nan
333060035,3330600.350000,-2.622937920e+08,8.287086275e+07,-1.555396781e+01,4.914225073e+00,-2.670755226e+02,9.441514407e-01,nan
340041194,3400411.940000,-2.691163713e+08,8.502643428e+07,-1.555396781e+01,4.914225073e+00,-2.670755226e+02,1.171385545e+00,nan
347168682,3471686.820000,-2.760819556e+08,8.722718780e+07,-1.555396781e+01,4.914225073e+00,-2.670755226e+02,1.403382963e+00,nan
354445568,3544455.680000,-2.831935443e+08,8.947407092e+07,-1.555396781e+01,4.914225073e+00,-2.670755226e+02,1.640242891e+00,nan
361874982,3618749.820000,-2.904541963e+08,9.176805009e+07,-1.555396781e+01,4.914225073e+00,-2.670755226e+02,1.882067863e+00,nan
369460121,3694601.210000,-2.978670359e+08,9.411011245e+07,-1.555396781e+01,4.914225073e+00,-2.670755226e+02,2.128961606e+00,nan
377204250,3772042.500000,-3.054352540e+08,9.650126613e+07,-1.555396781e+01,4.914225073e+00,-2.670755226e+02,2.381030230e+00,nan
385110701,3851107.010000,-3.131621069e+08,9.894253996e+07,-1.555396781e+01,4.914225073e+00,-2.670755226e+02,2.638382708e+00,nan
393182876,3931828.760000,-3.210509192e+08,1.014349844e+08,-1.555396781e+01,4.914225073e+00,-2.670755226e+02,2.901129205e+00,nan
401424250,4014242.500000,-3.291050872e+08,1.039796723e+08,-1.555396781e+01,4.914225073e+00,-2.670755226e+02,3.169383225e+00,nan
409838368,4098383.680000,-3.373280753e+08,1.065776984e+08,-1.555396781e+01,4.914225073e+00,-2.670755226e+02,3.443259700e+00,nan
418428851,4184288.510000,-3.457234221e+08,1.092301807e+08,-1.555396781e+01,4.914225073e+00,-2.670755226e+02,3.722877141e+00,nan
427199397,4271993.970000,-3.542947417e+08,1.119382610e+08,-1.555396781e+01,4.914225073e+00,-2.670755226e+02,4.008355490e+00,nan
436153779,4361537.790000,-3.630457214e+08,1.147031044e+08,-1.555396781e+01,4.914225073e+00,-2.670755226e+02,4.299817549e+00,nan
445295851,4452958.510000,-3.719801277e+08,1.175259007e+08,-1.555396781e+01,4.914225073e+00,-2.670755226e+02,4.597388506e+00,nan
454629547,4546295.470000,-3.811018052e+08,1.204078648e+08,-1.555396781e+01,4.914225073e+00,-2.670755226e+02,4.901197362e+00,nan
464158884,4641588.840000,-3.904146796e+08,1.233502369e+08,-1.555396781e+01,4.914225073e+00,-2.670755226e+02,5.211374075e+00,nan
473887961,4738879.610000,-3.999227568e+08,1.263542827e+08,-1.555396781e+01,4.914225073e+00,-2.670755226e+02,5.528052177e+00,nan
483820967,4838209.670000,-4.096301307e+08,1.294212956e+08,-1.555396781e+01,4.914225073e+00,-2.670755226e+02,5.851368301e+00,nan
493962175,4939621.750000,-4.195409772e+08,1.325525951e+08,-1.555396781e+01,4.914225073e+00,-2.670755226e+02,6.181460988e+00,nan
504315949,5043159.490000,-4.296595612e+08,1.357495286e+08,-1.555396781e+01,4.914225073e+00,-2.670755226e+02,7.668449714e+00,nan
514886746,5148867.460000,-4.399902384e+08,1.390134723e+08,-1.555396781e+01,4.914225073e+00,-2.670755226e+02,1.046288414e+01,nan
525679113,5256791.130000,-4.505374526e+08,1.423458302e+08,-1.555396781e+01,4.914225073e+00,-2.670755226e+02,1.331589117e+01,nan
536697695,5366976.950000,-4.613057432e+08,1.457480365e+08,-1.555396781e+01,4.914225073e+00,-2.670755226e+02,1.622869953e+01,nan
547947234,5479472.340000,-4.722997445e+08,1.492215553e+08,-1.555396781e+01,4.914225073e+00,-2.670755226e+02,1.920256157e+01,nan
559432571,5594325.710000,-4.835241876e+08,1.527678814e+08,-1.555396781e+01,4.914225073e+00,-2.670755226e+02,2.223875826e+01,nan
571158648,5711586.480000,-4.949839022e+08,1.563885408e+08,-1.555396781e+01,4.914225073e+00,-2.670755226e+02,2.533859583e+01,nan
583130512,5831305.120000,-5.066838207e+08,1.600850919e+08,-1.555396781e+01,4.914225073e+00,-2.670755226e+02,2.850340819e+01,nan
595353314,5953533.140000,-5.186289770e+08,1.638591250e+08,-1.555396781e+01,4.914225073e+00,-2.670755226e+02,3.173455642e+01,nan
607832313,6078323.130000,-5.308245106e+08,1.677122640e+08,-1.555396781e+01,4.914225073e+00,-2.670755226e+02,3.503343165e+01,nan
620572881,6205728.810000,-5.432756721e+08,1.716461677e+08,-1.555396781e+01,4.914225073e+00,-2.670755226e+02,3.648155869e+01,nan
633580500,6335805.000000,-5.559878187e+08,1.756625287e+08,-1.555396781e+01,4.914225073e+00,-2.670755226e+02,3.610957622e+01,nan
646860767,6468607.670000,-5.689664200e+08,1.797630752e+08,-1.555396781e+01,4.914225073e+00,-2.670755226e+02,3.572979541e+01,nan
660419397,6604193.970000,-5.822170613e+08,1.839495718e+08,-1.555396781e+01,4.914225073e+00,-2.670755226e+02,3.534205509e+01,nan
674262225,6742622.250000,-5.957454449e+08,1.882238201e+08,-1.555396781e+01,4.914225073e+00,-2.670755226e+02,3.494618737e+01,nan
688395207,6883952.070000,-6.095573915e+08,1.925876593e+08,-1.555396781e+01,4.914225073e+00,-2.670755226e+02,3.454202201e+01,nan
702824427,7028244.270000,-6.236588470e+08,1.970429679e+08,-1.555396781e+01,4.914225073e+00,-2.670755226e+02,3.412938493e+01,nan
717556092,7175560.920000,-6.380558774e+08,2.015916623e+08,-1.555396781e+01,4.914225073e+00,-2.670755226e+02,3.370809872e+01,nan
732596543,7325965.430000,-6.527546796e+08,2.062357006e+08,-1.555396781e+01,4.914225073e+00,-2.670755226e+02,3.327798169e+01,nan
747952252,7479522.520000,-6.677615786e+08,2.109770810e+08,-1.555396781e+01,4.914225073e+00,-2.670755226e+02,3.283884975e+01,nan
763629827,7636298.270000,-6.830830323e+08,2.158178440e+08,-1.555396781e+01,4.914225073e+00,-2.670755226e+02,3.239051309e+01,nan
779636014,7796360.140000,-6.987256335e+08,2.207600725e+08,-1.555396781e+01,4.914225073e+00,-2.670755226e+02,3.193277857e+01,nan
795977701,7959777.010000,-7.146961137e+08,2.258058932e+08,-1.555396781e+01,4.914225073e+00,-2.670755226e+02,3.146545018e+01,nan
812661921,8126619.210000,-7.310013461e+08,2.309574779e+08,-1.555396781e+01,4.914225073e+00,-2.670755226e+02,3.098832618e+01,nan
829695853,8296958.530000,-7.476483467e+08,2.362170431e+08,-1.555396781e+01,4.914225073e+00,-2.670755226e+02,3.050120104e+01,nan
847086827,8470868.270000,-7.646442790e+08,2.415868520e+08,-1.555396781e+01,4.914225073e+00,-2.670755226e+02,3.000386587e+01,nan
864842328,8648423.280000,-7.819964579e+08,2.470692160e+08,-1.555396781e+01,4.914225073e+00,-2.670755226e+02,2.949610606e+01,nan
882969996,8829699.960000,-7.997123500e+08,2.526664939e+08,-1.555396781e+01,4.914225073e+00,-2.670755226e+02,2.897770320e+01,nan
901477632,9014776.320000,-8.177995789e+08,2.583810945e+08,-1.555396781e+01,4.914225073e+00,-2.670755226e+02,2.844843408e+01,nan
920373200,9203732.000000,-8.362659278e+08,2.642154768e+08,-1.555396781e+01,4.914225073e+00,-2.670755226e+02,2.790807123e+01,nan
939664832,9396648.320000,-8.551193440e+08,2.701721517e+08,-1.555396781e+01,4.914225073e+00,-2.670755226e+02,2.735638191e+01,nan
959360829,9593608.290000,-8.743679400e+08,2.762536824e+08,-1.555396781e+01,4.914225073e+00,-2.670755226e+02,2.679312816e+01,nan
979469668,9794696.680000,-8.940200001e+08,2.824626862e+08,-1.555396781e+01,4.914225073e+00,-2.670755226e+02,2.621807009e+01,nan
1000000000,10000000.000000,-9.140839788e+08,2.888018344e+08,-1.555396781e+01,4.914225073e+00,-2.670755226e+02,2.563095781e+01,nan
